TrialIndex,StimType,Order,Delay,ScannerRun,TripletMemberA,TripletMemberB,TripletMemberC,Xcoordinate,Ycoordinate,Xcoordinate_lure1,Ycoordinate_lure1,Xcoordinate_lure2,Ycoordinate_lure2,Xcoordinate_foil,Ycoordinate_foil
1,OLP,1,3,1,Stimuli/Fractals/118a.jpg,Stimuli/Fractals/118c.jpg,Stimuli/Fractals/118b.jpg,212.1320344,212.1320344,0,300,300,0,-212.1320344,-212.1320344
2,OLP,1,3,1,Stimuli/Fractals/119c.jpg,Stimuli/Fractals/119a.jpg,Stimuli/Fractals/119b.jpg,212.1320344,-212.1320344,0,-300,300,0,-212.1320344,212.1320344
3,LLP,1,5,1,Stimuli/Fractals/135b.jpg,Stimuli/Fractals/135a.jpg,Stimuli/Fractals/135c.jpg,212.1320344,212.1320344,300,0,0,300,-212.1320344,-212.1320344
4,ERP,1,2,1,Stimuli/Fractals/13a.jpg,Stimuli/Fractals/13b.jpg,Stimuli/Fractals/13c.jpg,212.1320344,-212.1320344,300,0,0,-300,-300,0
5,OLP,2,0,1,Stimuli/Fractals/118a.jpg,Stimuli/Fractals/118c.jpg,Stimuli/Fractals/118b.jpg,212.1320344,212.1320344,0,300,300,0,-212.1320344,-212.1320344
6,OLP,2,0,1,Stimuli/Fractals/119c.jpg,Stimuli/Fractals/119a.jpg,Stimuli/Fractals/119b.jpg,212.1320344,-212.1320344,0,-300,300,0,-212.1320344,212.1320344
7,ERP,2,0,1,Stimuli/Fractals/13a.jpg,Stimuli/Fractals/13b.jpg,Stimuli/Fractals/13c.jpg,212.1320344,-212.1320344,300,0,0,-300,-300,0
8,ERP,1,5,1,Stimuli/Fractals/58b.jpg,Stimuli/Fractals/58a.jpg,Stimuli/Fractals/58c.jpg,-212.1320344,-212.1320344,-300,0,0,-300,212.1320344,212.1320344
9,LLP,2,0,1,Stimuli/Fractals/135b.jpg,Stimuli/Fractals/135a.jpg,Stimuli/Fractals/135c.jpg,212.1320344,212.1320344,300,0,0,300,-212.1320344,-212.1320344
10,LLP,1,4,1,Stimuli/Fractals/130a.jpg,Stimuli/Fractals/130c.jpg,Stimuli/Fractals/130b.jpg,212.1320344,-212.1320344,300,0,0,-300,-300,0
11,ERP,1,1,1,Stimuli/Fractals/72b.jpg,Stimuli/Fractals/72a.jpg,Stimuli/Fractals/72c.jpg,0,300,-212.1320344,212.1320344,212.1320344,212.1320344,0,-300
12,OLP,1,4,1,Stimuli/Fractals/82c.jpg,Stimuli/Fractals/82b.jpg,Stimuli/Fractals/82a.jpg,-212.1320344,-212.1320344,-300,0,0,-300,212.1320344,212.1320344
13,ERP,2,0,1,Stimuli/Fractals/72b.jpg,Stimuli/Fractals/72a.jpg,Stimuli/Fractals/72c.jpg,0,300,-212.1320344,212.1320344,212.1320344,212.1320344,0,-300
14,ERP,2,0,1,Stimuli/Fractals/58b.jpg,Stimuli/Fractals/58a.jpg,Stimuli/Fractals/58c.jpg,-212.1320344,-212.1320344,-300,0,0,-300,212.1320344,212.1320344
15,LLP,2,0,1,Stimuli/Fractals/130a.jpg,Stimuli/Fractals/130c.jpg,Stimuli/Fractals/130b.jpg,212.1320344,-212.1320344,300,0,0,-300,-300,0
16,LLP,1,2,1,Stimuli/Fractals/40c.jpg,Stimuli/Fractals/40a.jpg,Stimuli/Fractals/40b.jpg,-212.1320344,-212.1320344,-300,0,0,-300,300,0
17,OLP,2,0,1,Stimuli/Fractals/82c.jpg,Stimuli/Fractals/82b.jpg,Stimuli/Fractals/82a.jpg,-212.1320344,-212.1320344,-300,0,0,-300,212.1320344,212.1320344
18,OLP,1,1,1,Stimuli/Fractals/116b.jpg,Stimuli/Fractals/116a.jpg,Stimuli/Fractals/116c.jpg,0,300,212.1320344,212.1320344,-212.1320344,212.1320344,0,-300
19,LLP,2,0,1,Stimuli/Fractals/40c.jpg,Stimuli/Fractals/40a.jpg,Stimuli/Fractals/40b.jpg,-212.1320344,-212.1320344,-300,0,0,-300,300,0
20,OLP,2,0,1,Stimuli/Fractals/116b.jpg,Stimuli/Fractals/116a.jpg,Stimuli/Fractals/116c.jpg,0,300,212.1320344,212.1320344,-212.1320344,212.1320344,0,-300
21,BL,0,0,1,Stimuli/Fractals/115b.jpg,Stimuli/Fractals/115a.jpg,Stimuli/Fractals/115c.jpg,212.1320344,212.1320344,,,,,,
22,ERP,1,3,1,Stimuli/Fractals/126c.jpg,Stimuli/Fractals/126a.jpg,Stimuli/Fractals/126b.jpg,-300,0,-212.1320344,212.1320344,-212.1320344,-212.1320344,212.1320344,-212.1320344
23,LLP,1,5,1,Stimuli/Fractals/120c.jpg,Stimuli/Fractals/120a.jpg,Stimuli/Fractals/120b.jpg,212.1320344,-212.1320344,0,-300,300,0,0,300
24,ERP,1,2,1,Stimuli/Fractals/56b.jpg,Stimuli/Fractals/56a.jpg,Stimuli/Fractals/56c.jpg,212.1320344,-212.1320344,0,-300,300,0,0,300
25,ERP,1,5,1,Stimuli/Fractals/49c.jpg,Stimuli/Fractals/49b.jpg,Stimuli/Fractals/49a.jpg,-300,0,-212.1320344,-212.1320344,-212.1320344,212.1320344,212.1320344,212.1320344
26,ERP,2,0,1,Stimuli/Fractals/126c.jpg,Stimuli/Fractals/126a.jpg,Stimuli/Fractals/126b.jpg,-300,0,-212.1320344,212.1320344,-212.1320344,-212.1320344,212.1320344,-212.1320344
27,ERP,2,0,1,Stimuli/Fractals/56b.jpg,Stimuli/Fractals/56a.jpg,Stimuli/Fractals/56c.jpg,212.1320344,-212.1320344,0,-300,300,0,0,300
28,OLP,1,3,1,Stimuli/Fractals/88c.jpg,Stimuli/Fractals/88b.jpg,Stimuli/Fractals/88a.jpg,0,-300,212.1320344,-212.1320344,-212.1320344,-212.1320344,0,300
29,LLP,2,0,1,Stimuli/Fractals/120c.jpg,Stimuli/Fractals/120a.jpg,Stimuli/Fractals/120b.jpg,212.1320344,-212.1320344,0,-300,300,0,0,300
30,OLP,1,2,1,Stimuli/Fractals/66c.jpg,Stimuli/Fractals/66b.jpg,Stimuli/Fractals/66a.jpg,300,0,212.1320344,-212.1320344,212.1320344,212.1320344,-212.1320344,212.1320344
31,ERP,2,0,1,Stimuli/Fractals/49c.jpg,Stimuli/Fractals/49b.jpg,Stimuli/Fractals/49a.jpg,-300,0,-212.1320344,-212.1320344,-212.1320344,212.1320344,212.1320344,212.1320344
32,OLP,2,0,1,Stimuli/Fractals/88c.jpg,Stimuli/Fractals/88b.jpg,Stimuli/Fractals/88a.jpg,0,-300,212.1320344,-212.1320344,-212.1320344,-212.1320344,0,300
33,OLP,2,0,1,Stimuli/Fractals/66c.jpg,Stimuli/Fractals/66b.jpg,Stimuli/Fractals/66a.jpg,300,0,212.1320344,-212.1320344,212.1320344,212.1320344,-212.1320344,212.1320344
34,ERP,1,4,1,Stimuli/Fractals/114b.jpg,Stimuli/Fractals/114a.jpg,Stimuli/Fractals/114c.jpg,0,300,-212.1320344,212.1320344,212.1320344,212.1320344,0,-300
35,OLP,1,1,1,Stimuli/Fractals/5c.jpg,Stimuli/Fractals/5a.jpg,Stimuli/Fractals/5b.jpg,-212.1320344,212.1320344,0,300,-300,0,212.1320344,-212.1320344
36,LLP,1,4,1,Stimuli/Fractals/18b.jpg,Stimuli/Fractals/18c.jpg,Stimuli/Fractals/18a.jpg,-212.1320344,212.1320344,0,300,-300,0,212.1320344,-212.1320344
37,OLP,2,0,1,Stimuli/Fractals/5c.jpg,Stimuli/Fractals/5a.jpg,Stimuli/Fractals/5b.jpg,-212.1320344,212.1320344,0,300,-300,0,212.1320344,-212.1320344
38,LLP,1,1,1,Stimuli/Fractals/110c.jpg,Stimuli/Fractals/110a.jpg,Stimuli/Fractals/110b.jpg,212.1320344,-212.1320344,0,-300,300,0,0,300
39,ERP,2,0,1,Stimuli/Fractals/114b.jpg,Stimuli/Fractals/114a.jpg,Stimuli/Fractals/114c.jpg,0,300,-212.1320344,212.1320344,212.1320344,212.1320344,0,-300
40,LLP,2,0,1,Stimuli/Fractals/110c.jpg,Stimuli/Fractals/110a.jpg,Stimuli/Fractals/110b.jpg,212.1320344,-212.1320344,0,-300,300,0,0,300
41,LLP,2,0,1,Stimuli/Fractals/18b.jpg,Stimuli/Fractals/18c.jpg,Stimuli/Fractals/18a.jpg,-212.1320344,212.1320344,0,300,-300,0,212.1320344,-212.1320344
42,BL,0,0,1,Stimuli/Fractals/115b.jpg,Stimuli/Fractals/115a.jpg,Stimuli/Fractals/115c.jpg,212.1320344,212.1320344,,,,,,
43,OLP,1,2,1,Stimuli/Fractals/52c.jpg,Stimuli/Fractals/52b.jpg,Stimuli/Fractals/52a.jpg,0,-300,212.1320344,-212.1320344,-212.1320344,-212.1320344,-212.1320344,212.1320344
44,OLP,1,5,1,Stimuli/Fractals/22b.jpg,Stimuli/Fractals/22c.jpg,Stimuli/Fractals/22a.jpg,-212.1320344,-212.1320344,-300,0,0,-300,212.1320344,212.1320344
45,ERP,1,5,1,Stimuli/Fractals/85b.jpg,Stimuli/Fractals/85a.jpg,Stimuli/Fractals/85c.jpg,-300,0,-212.1320344,-212.1320344,-212.1320344,212.1320344,300,0
46,OLP,2,0,1,Stimuli/Fractals/52c.jpg,Stimuli/Fractals/52b.jpg,Stimuli/Fractals/52a.jpg,0,-300,212.1320344,-212.1320344,-212.1320344,-212.1320344,-212.1320344,212.1320344
47,LLP,1,1,1,Stimuli/Fractals/142b.jpg,Stimuli/Fractals/142a.jpg,Stimuli/Fractals/142c.jpg,0,-300,-212.1320344,-212.1320344,212.1320344,-212.1320344,0,300
48,ERP,1,3,1,Stimuli/Fractals/39a.jpg,Stimuli/Fractals/39c.jpg,Stimuli/Fractals/39b.jpg,-212.1320344,212.1320344,-300,0,0,300,300,0
49,LLP,2,0,1,Stimuli/Fractals/142b.jpg,Stimuli/Fractals/142a.jpg,Stimuli/Fractals/142c.jpg,0,-300,-212.1320344,-212.1320344,212.1320344,-212.1320344,0,300
50,OLP,2,0,1,Stimuli/Fractals/22b.jpg,Stimuli/Fractals/22c.jpg,Stimuli/Fractals/22a.jpg,-212.1320344,-212.1320344,-300,0,0,-300,212.1320344,212.1320344
51,ERP,2,0,1,Stimuli/Fractals/85b.jpg,Stimuli/Fractals/85a.jpg,Stimuli/Fractals/85c.jpg,-300,0,-212.1320344,-212.1320344,-212.1320344,212.1320344,300,0
52,ERP,2,0,1,Stimuli/Fractals/39a.jpg,Stimuli/Fractals/39c.jpg,Stimuli/Fractals/39b.jpg,-212.1320344,212.1320344,-300,0,0,300,300,0
53,OLP,1,1,1,Stimuli/Fractals/96b.jpg,Stimuli/Fractals/96c.jpg,Stimuli/Fractals/96a.jpg,-300,0,-212.1320344,-212.1320344,-212.1320344,212.1320344,212.1320344,212.1320344
54,OLP,1,4,1,Stimuli/Fractals/42c.jpg,Stimuli/Fractals/42b.jpg,Stimuli/Fractals/42a.jpg,300,0,212.1320344,212.1320344,212.1320344,-212.1320344,-212.1320344,-212.1320344
55,OLP,2,0,1,Stimuli/Fractals/96b.jpg,Stimuli/Fractals/96c.jpg,Stimuli/Fractals/96a.jpg,-300,0,-212.1320344,-212.1320344,-212.1320344,212.1320344,212.1320344,212.1320344
56,LLP,1,4,1,Stimuli/Fractals/60a.jpg,Stimuli/Fractals/60b.jpg,Stimuli/Fractals/60c.jpg,212.1320344,-212.1320344,300,0,0,-300,-212.1320344,212.1320344
57,ERP,1,2,1,Stimuli/Fractals/77c.jpg,Stimuli/Fractals/77a.jpg,Stimuli/Fractals/77b.jpg,-212.1320344,-212.1320344,-300,0,0,-300,212.1320344,212.1320344
58,ERP,1,3,1,Stimuli/Fractals/30a.jpg,Stimuli/Fractals/30c.jpg,Stimuli/Fractals/30b.jpg,212.1320344,-212.1320344,0,-300,300,0,0,300
59,OLP,2,0,1,Stimuli/Fractals/42c.jpg,Stimuli/Fractals/42b.jpg,Stimuli/Fractals/42a.jpg,300,0,212.1320344,212.1320344,212.1320344,-212.1320344,-212.1320344,-212.1320344
60,ERP,2,0,1,Stimuli/Fractals/77c.jpg,Stimuli/Fractals/77a.jpg,Stimuli/Fractals/77b.jpg,-212.1320344,-212.1320344,-300,0,0,-300,212.1320344,212.1320344
61,LLP,2,0,1,Stimuli/Fractals/60a.jpg,Stimuli/Fractals/60b.jpg,Stimuli/Fractals/60c.jpg,212.1320344,-212.1320344,300,0,0,-300,-212.1320344,212.1320344
62,ERP,2,0,1,Stimuli/Fractals/30a.jpg,Stimuli/Fractals/30c.jpg,Stimuli/Fractals/30b.jpg,212.1320344,-212.1320344,0,-300,300,0,0,300
63,BL,0,0,1,Stimuli/Fractals/115b.jpg,Stimuli/Fractals/115a.jpg,Stimuli/Fractals/115c.jpg,212.1320344,212.1320344,,,,,,
64,OLP,1,1,1,Stimuli/Fractals/132a.jpg,Stimuli/Fractals/132b.jpg,Stimuli/Fractals/132c.jpg,212.1320344,212.1320344,0,300,300,0,-212.1320344,-212.1320344
65,OLP,1,1,1,Stimuli/Fractals/19c.jpg,Stimuli/Fractals/19a.jpg,Stimuli/Fractals/19b.jpg,212.1320344,212.1320344,0,300,300,0,0,-300
66,OLP,2,0,1,Stimuli/Fractals/132a.jpg,Stimuli/Fractals/132b.jpg,Stimuli/Fractals/132c.jpg,212.1320344,212.1320344,0,300,300,0,-212.1320344,-212.1320344
67,OLP,2,0,1,Stimuli/Fractals/19c.jpg,Stimuli/Fractals/19a.jpg,Stimuli/Fractals/19b.jpg,212.1320344,212.1320344,0,300,300,0,0,-300
68,OLP,1,4,1,Stimuli/Fractals/20c.jpg,Stimuli/Fractals/20b.jpg,Stimuli/Fractals/20a.jpg,300,0,212.1320344,212.1320344,212.1320344,-212.1320344,-300,0
69,LLP,1,2,1,Stimuli/Fractals/24a.jpg,Stimuli/Fractals/24b.jpg,Stimuli/Fractals/24c.jpg,212.1320344,212.1320344,0,300,300,0,0,-300
70,OLP,1,3,1,Stimuli/Fractals/41b.jpg,Stimuli/Fractals/41c.jpg,Stimuli/Fractals/41a.jpg,-212.1320344,212.1320344,0,300,-300,0,0,-300
71,ERP,1,5,1,Stimuli/Fractals/136a.jpg,Stimuli/Fractals/136b.jpg,Stimuli/Fractals/136c.jpg,300,0,212.1320344,212.1320344,212.1320344,-212.1320344,-212.1320344,-212.1320344
72,LLP,2,0,1,Stimuli/Fractals/24a.jpg,Stimuli/Fractals/24b.jpg,Stimuli/Fractals/24c.jpg,212.1320344,212.1320344,0,300,300,0,0,-300
73,OLP,2,0,1,Stimuli/Fractals/20c.jpg,Stimuli/Fractals/20b.jpg,Stimuli/Fractals/20a.jpg,300,0,212.1320344,212.1320344,212.1320344,-212.1320344,-300,0
74,OLP,2,0,1,Stimuli/Fractals/41b.jpg,Stimuli/Fractals/41c.jpg,Stimuli/Fractals/41a.jpg,-212.1320344,212.1320344,0,300,-300,0,0,-300
75,LLP,1,5,1,Stimuli/Fractals/21b.jpg,Stimuli/Fractals/21c.jpg,Stimuli/Fractals/21a.jpg,-212.1320344,-212.1320344,-300,0,0,-300,300,0
76,OLP,1,3,1,Stimuli/Fractals/11c.jpg,Stimuli/Fractals/11b.jpg,Stimuli/Fractals/11a.jpg,-300,0,-212.1320344,212.1320344,-212.1320344,-212.1320344,300,0
77,ERP,2,0,1,Stimuli/Fractals/136a.jpg,Stimuli/Fractals/136b.jpg,Stimuli/Fractals/136c.jpg,300,0,212.1320344,212.1320344,212.1320344,-212.1320344,-212.1320344,-212.1320344
78,OLP,1,4,1,Stimuli/Fractals/94a.jpg,Stimuli/Fractals/94b.jpg,Stimuli/Fractals/94c.jpg,212.1320344,212.1320344,0,300,300,0,0,-300
79,ERP,1,2,1,Stimuli/Fractals/111c.jpg,Stimuli/Fractals/111b.jpg,Stimuli/Fractals/111a.jpg,-300,0,-212.1320344,212.1320344,-212.1320344,-212.1320344,300,0
80,OLP,2,0,1,Stimuli/Fractals/11c.jpg,Stimuli/Fractals/11b.jpg,Stimuli/Fractals/11a.jpg,-300,0,-212.1320344,212.1320344,-212.1320344,-212.1320344,300,0
81,LLP,2,0,1,Stimuli/Fractals/21b.jpg,Stimuli/Fractals/21c.jpg,Stimuli/Fractals/21a.jpg,-212.1320344,-212.1320344,-300,0,0,-300,300,0
82,ERP,2,0,1,Stimuli/Fractals/111c.jpg,Stimuli/Fractals/111b.jpg,Stimuli/Fractals/111a.jpg,-300,0,-212.1320344,212.1320344,-212.1320344,-212.1320344,300,0
83,OLP,2,0,1,Stimuli/Fractals/94a.jpg,Stimuli/Fractals/94b.jpg,Stimuli/Fractals/94c.jpg,212.1320344,212.1320344,0,300,300,0,0,-300
84,BL,0,0,1,Stimuli/Fractals/115b.jpg,Stimuli/Fractals/115a.jpg,Stimuli/Fractals/115c.jpg,212.1320344,212.1320344,,,,,,
85,LLP,1,1,2,Stimuli/Fractals/108c.jpg,Stimuli/Fractals/108a.jpg,Stimuli/Fractals/108b.jpg,0,300,-212.1320344,212.1320344,212.1320344,212.1320344,0,-300
86,OLP,1,2,2,Stimuli/Fractals/87a.jpg,Stimuli/Fractals/87b.jpg,Stimuli/Fractals/87c.jpg,0,-300,212.1320344,-212.1320344,-212.1320344,-212.1320344,-212.1320344,212.1320344
87,LLP,2,0,2,Stimuli/Fractals/108c.jpg,Stimuli/Fractals/108a.jpg,Stimuli/Fractals/108b.jpg,0,300,-212.1320344,212.1320344,212.1320344,212.1320344,0,-300
88,OLP,1,1,2,Stimuli/Fractals/122b.jpg,Stimuli/Fractals/122a.jpg,Stimuli/Fractals/122c.jpg,300,0,212.1320344,212.1320344,212.1320344,-212.1320344,-300,0
89,OLP,2,0,2,Stimuli/Fractals/87a.jpg,Stimuli/Fractals/87b.jpg,Stimuli/Fractals/87c.jpg,0,-300,212.1320344,-212.1320344,-212.1320344,-212.1320344,-212.1320344,212.1320344
90,OLP,2,0,2,Stimuli/Fractals/122b.jpg,Stimuli/Fractals/122a.jpg,Stimuli/Fractals/122c.jpg,300,0,212.1320344,212.1320344,212.1320344,-212.1320344,-300,0
91,ERP,1,3,2,Stimuli/Fractals/26c.jpg,Stimuli/Fractals/26a.jpg,Stimuli/Fractals/26b.jpg,212.1320344,212.1320344,0,300,300,0,-212.1320344,-212.1320344
92,ERP,1,3,2,Stimuli/Fractals/73c.jpg,Stimuli/Fractals/73a.jpg,Stimuli/Fractals/73b.jpg,0,-300,-212.1320344,-212.1320344,212.1320344,-212.1320344,0,300
93,OLP,1,5,2,Stimuli/Fractals/139a.jpg,Stimuli/Fractals/139c.jpg,Stimuli/Fractals/139b.jpg,0,300,-212.1320344,212.1320344,212.1320344,212.1320344,0,-300
94,LLP,1,5,2,Stimuli/Fractals/140a.jpg,Stimuli/Fractals/140b.jpg,Stimuli/Fractals/140c.jpg,212.1320344,-212.1320344,0,-300,300,0,0,300
95,ERP,2,0,2,Stimuli/Fractals/26c.jpg,Stimuli/Fractals/26a.jpg,Stimuli/Fractals/26b.jpg,212.1320344,212.1320344,0,300,300,0,-212.1320344,-212.1320344
96,ERP,2,0,2,Stimuli/Fractals/73c.jpg,Stimuli/Fractals/73a.jpg,Stimuli/Fractals/73b.jpg,0,-300,-212.1320344,-212.1320344,212.1320344,-212.1320344,0,300
97,LLP,1,4,2,Stimuli/Fractals/107a.jpg,Stimuli/Fractals/107b.jpg,Stimuli/Fractals/107c.jpg,-212.1320344,212.1320344,-300,0,0,300,300,0
98,ERP,1,4,2,Stimuli/Fractals/102a.jpg,Stimuli/Fractals/102b.jpg,Stimuli/Fractals/102c.jpg,212.1320344,-212.1320344,0,-300,300,0,0,300
99,OLP,2,0,2,Stimuli/Fractals/139a.jpg,Stimuli/Fractals/139c.jpg,Stimuli/Fractals/139b.jpg,0,300,-212.1320344,212.1320344,212.1320344,212.1320344,0,-300
100,LLP,2,0,2,Stimuli/Fractals/140a.jpg,Stimuli/Fractals/140b.jpg,Stimuli/Fractals/140c.jpg,212.1320344,-212.1320344,0,-300,300,0,0,300
101,LLP,1,2,2,Stimuli/Fractals/23c.jpg,Stimuli/Fractals/23b.jpg,Stimuli/Fractals/23a.jpg,-212.1320344,212.1320344,-300,0,0,300,300,0
102,LLP,2,0,2,Stimuli/Fractals/107a.jpg,Stimuli/Fractals/107b.jpg,Stimuli/Fractals/107c.jpg,-212.1320344,212.1320344,-300,0,0,300,300,0
103,ERP,2,0,2,Stimuli/Fractals/102a.jpg,Stimuli/Fractals/102b.jpg,Stimuli/Fractals/102c.jpg,212.1320344,-212.1320344,0,-300,300,0,0,300
104,LLP,2,0,2,Stimuli/Fractals/23c.jpg,Stimuli/Fractals/23b.jpg,Stimuli/Fractals/23a.jpg,-212.1320344,212.1320344,-300,0,0,300,300,0
105,BL,0,0,2,Stimuli/Fractals/115b.jpg,Stimuli/Fractals/115a.jpg,Stimuli/Fractals/115c.jpg,212.1320344,212.1320344,,,,,,
106,ERP,1,4,2,Stimuli/Fractals/64b.jpg,Stimuli/Fractals/64a.jpg,Stimuli/Fractals/64c.jpg,-300,0,-212.1320344,212.1320344,-212.1320344,-212.1320344,212.1320344,-212.1320344
107,OLP,1,5,2,Stimuli/Fractals/16a.jpg,Stimuli/Fractals/16b.jpg,Stimuli/Fractals/16c.jpg,0,-300,212.1320344,-212.1320344,-212.1320344,-212.1320344,0,300
108,LLP,1,5,2,Stimuli/Fractals/51c.jpg,Stimuli/Fractals/51b.jpg,Stimuli/Fractals/51a.jpg,-212.1320344,-212.1320344,-300,0,0,-300,212.1320344,212.1320344
109,OLP,1,2,2,Stimuli/Fractals/28a.jpg,Stimuli/Fractals/28b.jpg,Stimuli/Fractals/28c.jpg,-300,0,-212.1320344,-212.1320344,-212.1320344,212.1320344,300,0
110,ERP,1,4,2,Stimuli/Fractals/109c.jpg,Stimuli/Fractals/109a.jpg,Stimuli/Fractals/109b.jpg,300,0,212.1320344,212.1320344,212.1320344,-212.1320344,-300,0
111,ERP,2,0,2,Stimuli/Fractals/64b.jpg,Stimuli/Fractals/64a.jpg,Stimuli/Fractals/64c.jpg,-300,0,-212.1320344,212.1320344,-212.1320344,-212.1320344,212.1320344,-212.1320344
112,OLP,2,0,2,Stimuli/Fractals/28a.jpg,Stimuli/Fractals/28b.jpg,Stimuli/Fractals/28c.jpg,-300,0,-212.1320344,-212.1320344,-212.1320344,212.1320344,300,0
113,OLP,2,0,2,Stimuli/Fractals/16a.jpg,Stimuli/Fractals/16b.jpg,Stimuli/Fractals/16c.jpg,0,-300,212.1320344,-212.1320344,-212.1320344,-212.1320344,0,300
114,LLP,2,0,2,Stimuli/Fractals/51c.jpg,Stimuli/Fractals/51b.jpg,Stimuli/Fractals/51a.jpg,-212.1320344,-212.1320344,-300,0,0,-300,212.1320344,212.1320344
115,ERP,2,0,2,Stimuli/Fractals/109c.jpg,Stimuli/Fractals/109a.jpg,Stimuli/Fractals/109b.jpg,300,0,212.1320344,212.1320344,212.1320344,-212.1320344,-300,0
116,ERP,1,3,2,Stimuli/Fractals/112c.jpg,Stimuli/Fractals/112a.jpg,Stimuli/Fractals/112b.jpg,0,300,212.1320344,212.1320344,-212.1320344,212.1320344,0,-300
117,LLP,1,1,2,Stimuli/Fractals/138c.jpg,Stimuli/Fractals/138a.jpg,Stimuli/Fractals/138b.jpg,0,300,212.1320344,212.1320344,-212.1320344,212.1320344,-212.1320344,-212.1320344
118,LLP,1,3,2,Stimuli/Fractals/6a.jpg,Stimuli/Fractals/6b.jpg,Stimuli/Fractals/6c.jpg,0,300,212.1320344,212.1320344,-212.1320344,212.1320344,0,-300
119,LLP,2,0,2,Stimuli/Fractals/138c.jpg,Stimuli/Fractals/138a.jpg,Stimuli/Fractals/138b.jpg,0,300,212.1320344,212.1320344,-212.1320344,212.1320344,-212.1320344,-212.1320344
120,ERP,2,0,2,Stimuli/Fractals/112c.jpg,Stimuli/Fractals/112a.jpg,Stimuli/Fractals/112b.jpg,0,300,212.1320344,212.1320344,-212.1320344,212.1320344,0,-300
121,LLP,1,2,2,Stimuli/Fractals/62a.jpg,Stimuli/Fractals/62b.jpg,Stimuli/Fractals/62c.jpg,0,-300,-212.1320344,-212.1320344,212.1320344,-212.1320344,212.1320344,212.1320344
122,LLP,2,0,2,Stimuli/Fractals/6a.jpg,Stimuli/Fractals/6b.jpg,Stimuli/Fractals/6c.jpg,0,300,212.1320344,212.1320344,-212.1320344,212.1320344,0,-300
123,ERP,1,1,2,Stimuli/Fractals/101c.jpg,Stimuli/Fractals/101a.jpg,Stimuli/Fractals/101b.jpg,0,300,212.1320344,212.1320344,-212.1320344,212.1320344,0,-300
124,LLP,2,0,2,Stimuli/Fractals/62a.jpg,Stimuli/Fractals/62b.jpg,Stimuli/Fractals/62c.jpg,0,-300,-212.1320344,-212.1320344,212.1320344,-212.1320344,212.1320344,212.1320344
125,ERP,2,0,2,Stimuli/Fractals/101c.jpg,Stimuli/Fractals/101a.jpg,Stimuli/Fractals/101b.jpg,0,300,212.1320344,212.1320344,-212.1320344,212.1320344,0,-300
126,BL,0,0,2,Stimuli/Fractals/115b.jpg,Stimuli/Fractals/115a.jpg,Stimuli/Fractals/115c.jpg,212.1320344,212.1320344,,,,,,
127,ERP,1,1,2,Stimuli/Fractals/105c.jpg,Stimuli/Fractals/105a.jpg,Stimuli/Fractals/105b.jpg,-212.1320344,212.1320344,0,300,-300,0,0,-300
128,OLP,1,3,2,Stimuli/Fractals/27c.jpg,Stimuli/Fractals/27b.jpg,Stimuli/Fractals/27a.jpg,-212.1320344,212.1320344,-300,0,0,300,300,0
129,ERP,2,0,2,Stimuli/Fractals/105c.jpg,Stimuli/Fractals/105a.jpg,Stimuli/Fractals/105b.jpg,-212.1320344,212.1320344,0,300,-300,0,0,-300
130,LLP,1,2,2,Stimuli/Fractals/34b.jpg,Stimuli/Fractals/34c.jpg,Stimuli/Fractals/34a.jpg,212.1320344,-212.1320344,0,-300,300,0,-212.1320344,212.1320344
131,LLP,1,3,2,Stimuli/Fractals/7b.jpg,Stimuli/Fractals/7c.jpg,Stimuli/Fractals/7a.jpg,-212.1320344,212.1320344,0,300,-300,0,212.1320344,-212.1320344
132,OLP,2,0,2,Stimuli/Fractals/27c.jpg,Stimuli/Fractals/27b.jpg,Stimuli/Fractals/27a.jpg,-212.1320344,212.1320344,-300,0,0,300,300,0
133,LLP,2,0,2,Stimuli/Fractals/34b.jpg,Stimuli/Fractals/34c.jpg,Stimuli/Fractals/34a.jpg,212.1320344,-212.1320344,0,-300,300,0,-212.1320344,212.1320344
134,ERP,1,1,2,Stimuli/Fractals/92c.jpg,Stimuli/Fractals/92a.jpg,Stimuli/Fractals/92b.jpg,212.1320344,212.1320344,300,0,0,300,-300,0
135,LLP,2,0,2,Stimuli/Fractals/7b.jpg,Stimuli/Fractals/7c.jpg,Stimuli/Fractals/7a.jpg,-212.1320344,212.1320344,0,300,-300,0,212.1320344,-212.1320344
136,ERP,2,0,2,Stimuli/Fractals/92c.jpg,Stimuli/Fractals/92a.jpg,Stimuli/Fractals/92b.jpg,212.1320344,212.1320344,300,0,0,300,-300,0
137,ERP,1,5,2,Stimuli/Fractals/145c.jpg,Stimuli/Fractals/145a.jpg,Stimuli/Fractals/145b.jpg,212.1320344,212.1320344,0,300,300,0,-212.1320344,-212.1320344
138,LLP,1,5,2,Stimuli/Fractals/80b.jpg,Stimuli/Fractals/80c.jpg,Stimuli/Fractals/80a.jpg,300,0,212.1320344,-212.1320344,212.1320344,212.1320344,-212.1320344,212.1320344
139,LLP,1,2,2,Stimuli/Fractals/46c.jpg,Stimuli/Fractals/46b.jpg,Stimuli/Fractals/46a.jpg,-300,0,-212.1320344,-212.1320344,-212.1320344,212.1320344,212.1320344,212.1320344
140,OLP,1,4,2,Stimuli/Fractals/29c.jpg,Stimuli/Fractals/29b.jpg,Stimuli/Fractals/29a.jpg,212.1320344,-212.1320344,0,-300,300,0,0,300
141,LLP,1,4,2,Stimuli/Fractals/93a.jpg,Stimuli/Fractals/93c.jpg,Stimuli/Fractals/93b.jpg,0,300,212.1320344,212.1320344,-212.1320344,212.1320344,0,-300
142,LLP,2,0,2,Stimuli/Fractals/46c.jpg,Stimuli/Fractals/46b.jpg,Stimuli/Fractals/46a.jpg,-300,0,-212.1320344,-212.1320344,-212.1320344,212.1320344,212.1320344,212.1320344
143,ERP,2,0,2,Stimuli/Fractals/145c.jpg,Stimuli/Fractals/145a.jpg,Stimuli/Fractals/145b.jpg,212.1320344,212.1320344,0,300,300,0,-212.1320344,-212.1320344
144,LLP,2,0,2,Stimuli/Fractals/80b.jpg,Stimuli/Fractals/80c.jpg,Stimuli/Fractals/80a.jpg,300,0,212.1320344,-212.1320344,212.1320344,212.1320344,-212.1320344,212.1320344
145,OLP,2,0,2,Stimuli/Fractals/29c.jpg,Stimuli/Fractals/29b.jpg,Stimuli/Fractals/29a.jpg,212.1320344,-212.1320344,0,-300,300,0,0,300
146,LLP,2,0,2,Stimuli/Fractals/93a.jpg,Stimuli/Fractals/93c.jpg,Stimuli/Fractals/93b.jpg,0,300,212.1320344,212.1320344,-212.1320344,212.1320344,0,-300
147,BL,0,0,2,Stimuli/Fractals/115b.jpg,Stimuli/Fractals/115a.jpg,Stimuli/Fractals/115c.jpg,212.1320344,212.1320344,,,,,,
148,LLP,1,3,2,Stimuli/Fractals/78c.jpg,Stimuli/Fractals/78a.jpg,Stimuli/Fractals/78b.jpg,300,0,212.1320344,-212.1320344,212.1320344,212.1320344,-212.1320344,212.1320344
149,OLP,1,1,2,Stimuli/Fractals/128a.jpg,Stimuli/Fractals/128b.jpg,Stimuli/Fractals/128c.jpg,-212.1320344,-212.1320344,-300,0,0,-300,212.1320344,212.1320344
150,ERP,1,2,2,Stimuli/Fractals/35a.jpg,Stimuli/Fractals/35b.jpg,Stimuli/Fractals/35c.jpg,-212.1320344,-212.1320344,-300,0,0,-300,300,0
151,OLP,2,0,2,Stimuli/Fractals/128a.jpg,Stimuli/Fractals/128b.jpg,Stimuli/Fractals/128c.jpg,-212.1320344,-212.1320344,-300,0,0,-300,212.1320344,212.1320344
152,LLP,2,0,2,Stimuli/Fractals/78c.jpg,Stimuli/Fractals/78a.jpg,Stimuli/Fractals/78b.jpg,300,0,212.1320344,-212.1320344,212.1320344,212.1320344,-212.1320344,212.1320344
153,ERP,2,0,2,Stimuli/Fractals/35a.jpg,Stimuli/Fractals/35b.jpg,Stimuli/Fractals/35c.jpg,-212.1320344,-212.1320344,-300,0,0,-300,300,0
154,LLP,1,3,2,Stimuli/Fractals/70c.jpg,Stimuli/Fractals/70a.jpg,Stimuli/Fractals/70b.jpg,212.1320344,212.1320344,300,0,0,300,-212.1320344,-212.1320344
155,ERP,1,1,2,Stimuli/Fractals/43c.jpg,Stimuli/Fractals/43a.jpg,Stimuli/Fractals/43b.jpg,-212.1320344,-212.1320344,-300,0,0,-300,212.1320344,212.1320344
156,LLP,1,5,2,Stimuli/Fractals/63c.jpg,Stimuli/Fractals/63a.jpg,Stimuli/Fractals/63b.jpg,0,-300,212.1320344,-212.1320344,-212.1320344,-212.1320344,0,300
157,ERP,2,0,2,Stimuli/Fractals/43c.jpg,Stimuli/Fractals/43a.jpg,Stimuli/Fractals/43b.jpg,-212.1320344,-212.1320344,-300,0,0,-300,212.1320344,212.1320344
158,LLP,2,0,2,Stimuli/Fractals/70c.jpg,Stimuli/Fractals/70a.jpg,Stimuli/Fractals/70b.jpg,212.1320344,212.1320344,300,0,0,300,-212.1320344,-212.1320344
159,ERP,1,4,2,Stimuli/Fractals/25b.jpg,Stimuli/Fractals/25c.jpg,Stimuli/Fractals/25a.jpg,0,-300,212.1320344,-212.1320344,-212.1320344,-212.1320344,-212.1320344,212.1320344
160,OLP,1,4,2,Stimuli/Fractals/90b.jpg,Stimuli/Fractals/90c.jpg,Stimuli/Fractals/90a.jpg,212.1320344,212.1320344,300,0,0,300,-212.1320344,-212.1320344
161,ERP,1,5,2,Stimuli/Fractals/71c.jpg,Stimuli/Fractals/71b.jpg,Stimuli/Fractals/71a.jpg,0,300,-212.1320344,212.1320344,212.1320344,212.1320344,0,-300
162,LLP,2,0,2,Stimuli/Fractals/63c.jpg,Stimuli/Fractals/63a.jpg,Stimuli/Fractals/63b.jpg,0,-300,212.1320344,-212.1320344,-212.1320344,-212.1320344,0,300
163,OLP,1,2,2,Stimuli/Fractals/134b.jpg,Stimuli/Fractals/134c.jpg,Stimuli/Fractals/134a.jpg,212.1320344,212.1320344,0,300,300,0,-212.1320344,-212.1320344
164,ERP,2,0,2,Stimuli/Fractals/25b.jpg,Stimuli/Fractals/25c.jpg,Stimuli/Fractals/25a.jpg,0,-300,212.1320344,-212.1320344,-212.1320344,-212.1320344,-212.1320344,212.1320344
165,OLP,2,0,2,Stimuli/Fractals/90b.jpg,Stimuli/Fractals/90c.jpg,Stimuli/Fractals/90a.jpg,212.1320344,212.1320344,300,0,0,300,-212.1320344,-212.1320344
166,OLP,2,0,2,Stimuli/Fractals/134b.jpg,Stimuli/Fractals/134c.jpg,Stimuli/Fractals/134a.jpg,212.1320344,212.1320344,0,300,300,0,-212.1320344,-212.1320344
167,ERP,2,0,2,Stimuli/Fractals/71c.jpg,Stimuli/Fractals/71b.jpg,Stimuli/Fractals/71a.jpg,0,300,-212.1320344,212.1320344,212.1320344,212.1320344,0,-300
168,BL,0,0,2,Stimuli/Fractals/115b.jpg,Stimuli/Fractals/115a.jpg,Stimuli/Fractals/115c.jpg,212.1320344,212.1320344,,,,,,
169,LLP,1,1,3,Stimuli/Fractals/15b.jpg,Stimuli/Fractals/15a.jpg,Stimuli/Fractals/15c.jpg,0,-300,-212.1320344,-212.1320344,212.1320344,-212.1320344,0,300
170,LLP,1,4,3,Stimuli/Fractals/76b.jpg,Stimuli/Fractals/76c.jpg,Stimuli/Fractals/76a.jpg,-300,0,-212.1320344,-212.1320344,-212.1320344,212.1320344,300,0
171,LLP,2,0,3,Stimuli/Fractals/15b.jpg,Stimuli/Fractals/15a.jpg,Stimuli/Fractals/15c.jpg,0,-300,-212.1320344,-212.1320344,212.1320344,-212.1320344,0,300
172,LLP,1,3,3,Stimuli/Fractals/65b.jpg,Stimuli/Fractals/65c.jpg,Stimuli/Fractals/65a.jpg,0,-300,-212.1320344,-212.1320344,212.1320344,-212.1320344,212.1320344,212.1320344
173,LLP,1,3,3,Stimuli/Fractals/8a.jpg,Stimuli/Fractals/8c.jpg,Stimuli/Fractals/8b.jpg,300,0,212.1320344,212.1320344,212.1320344,-212.1320344,-212.1320344,-212.1320344
174,ERP,1,4,3,Stimuli/Fractals/113b.jpg,Stimuli/Fractals/113c.jpg,Stimuli/Fractals/113a.jpg,-212.1320344,212.1320344,0,300,-300,0,0,-300
175,LLP,2,0,3,Stimuli/Fractals/76b.jpg,Stimuli/Fractals/76c.jpg,Stimuli/Fractals/76a.jpg,-300,0,-212.1320344,-212.1320344,-212.1320344,212.1320344,300,0
176,LLP,2,0,3,Stimuli/Fractals/65b.jpg,Stimuli/Fractals/65c.jpg,Stimuli/Fractals/65a.jpg,0,-300,-212.1320344,-212.1320344,212.1320344,-212.1320344,212.1320344,212.1320344
177,LLP,2,0,3,Stimuli/Fractals/8a.jpg,Stimuli/Fractals/8c.jpg,Stimuli/Fractals/8b.jpg,300,0,212.1320344,212.1320344,212.1320344,-212.1320344,-212.1320344,-212.1320344
178,LLP,1,5,3,Stimuli/Fractals/81a.jpg,Stimuli/Fractals/81b.jpg,Stimuli/Fractals/81c.jpg,0,-300,212.1320344,-212.1320344,-212.1320344,-212.1320344,0,300
179,ERP,2,0,3,Stimuli/Fractals/113b.jpg,Stimuli/Fractals/113c.jpg,Stimuli/Fractals/113a.jpg,-212.1320344,212.1320344,0,300,-300,0,0,-300
180,LLP,1,1,3,Stimuli/Fractals/9c.jpg,Stimuli/Fractals/9b.jpg,Stimuli/Fractals/9a.jpg,0,300,212.1320344,212.1320344,-212.1320344,212.1320344,-212.1320344,-212.1320344
181,LLP,1,5,3,Stimuli/Fractals/12a.jpg,Stimuli/Fractals/12b.jpg,Stimuli/Fractals/12c.jpg,300,0,212.1320344,212.1320344,212.1320344,-212.1320344,-212.1320344,-212.1320344
182,LLP,2,0,3,Stimuli/Fractals/9c.jpg,Stimuli/Fractals/9b.jpg,Stimuli/Fractals/9a.jpg,0,300,212.1320344,212.1320344,-212.1320344,212.1320344,-212.1320344,-212.1320344
183,OLP,1,2,3,Stimuli/Fractals/91a.jpg,Stimuli/Fractals/91b.jpg,Stimuli/Fractals/91c.jpg,-212.1320344,212.1320344,0,300,-300,0,0,-300
184,LLP,2,0,3,Stimuli/Fractals/81a.jpg,Stimuli/Fractals/81b.jpg,Stimuli/Fractals/81c.jpg,0,-300,212.1320344,-212.1320344,-212.1320344,-212.1320344,0,300
185,LLP,1,2,3,Stimuli/Fractals/79a.jpg,Stimuli/Fractals/79b.jpg,Stimuli/Fractals/79c.jpg,300,0,212.1320344,212.1320344,212.1320344,-212.1320344,-212.1320344,-212.1320344
186,OLP,2,0,3,Stimuli/Fractals/91a.jpg,Stimuli/Fractals/91b.jpg,Stimuli/Fractals/91c.jpg,-212.1320344,212.1320344,0,300,-300,0,0,-300
187,LLP,2,0,3,Stimuli/Fractals/12a.jpg,Stimuli/Fractals/12b.jpg,Stimuli/Fractals/12c.jpg,300,0,212.1320344,212.1320344,212.1320344,-212.1320344,-212.1320344,-212.1320344
188,LLP,2,0,3,Stimuli/Fractals/79a.jpg,Stimuli/Fractals/79b.jpg,Stimuli/Fractals/79c.jpg,300,0,212.1320344,212.1320344,212.1320344,-212.1320344,-212.1320344,-212.1320344
189,BL,0,0,3,Stimuli/Fractals/115b.jpg,Stimuli/Fractals/115a.jpg,Stimuli/Fractals/115c.jpg,212.1320344,212.1320344,,,,,,
190,OLP,1,2,3,Stimuli/Fractals/2b.jpg,Stimuli/Fractals/2c.jpg,Stimuli/Fractals/2a.jpg,212.1320344,212.1320344,300,0,0,300,-300,0
191,ERP,1,5,3,Stimuli/Fractals/54c.jpg,Stimuli/Fractals/54a.jpg,Stimuli/Fractals/54b.jpg,212.1320344,-212.1320344,0,-300,300,0,-212.1320344,212.1320344
192,LLP,1,5,3,Stimuli/Fractals/45b.jpg,Stimuli/Fractals/45a.jpg,Stimuli/Fractals/45c.jpg,-212.1320344,212.1320344,0,300,-300,0,212.1320344,-212.1320344
193,OLP,2,0,3,Stimuli/Fractals/2b.jpg,Stimuli/Fractals/2c.jpg,Stimuli/Fractals/2a.jpg,212.1320344,212.1320344,300,0,0,300,-300,0
194,OLP,1,1,3,Stimuli/Fractals/17b.jpg,Stimuli/Fractals/17a.jpg,Stimuli/Fractals/17c.jpg,-212.1320344,212.1320344,0,300,-300,0,212.1320344,-212.1320344
195,OLP,1,4,3,Stimuli/Fractals/44b.jpg,Stimuli/Fractals/44c.jpg,Stimuli/Fractals/44a.jpg,300,0,212.1320344,212.1320344,212.1320344,-212.1320344,-300,0
196,OLP,2,0,3,Stimuli/Fractals/17b.jpg,Stimuli/Fractals/17a.jpg,Stimuli/Fractals/17c.jpg,-212.1320344,212.1320344,0,300,-300,0,212.1320344,-212.1320344
197,ERP,2,0,3,Stimuli/Fractals/54c.jpg,Stimuli/Fractals/54a.jpg,Stimuli/Fractals/54b.jpg,212.1320344,-212.1320344,0,-300,300,0,-212.1320344,212.1320344
198,LLP,2,0,3,Stimuli/Fractals/45b.jpg,Stimuli/Fractals/45a.jpg,Stimuli/Fractals/45c.jpg,-212.1320344,212.1320344,0,300,-300,0,212.1320344,-212.1320344
199,OLP,1,2,3,Stimuli/Fractals/83b.jpg,Stimuli/Fractals/83c.jpg,Stimuli/Fractals/83a.jpg,-212.1320344,-212.1320344,0,-300,-300,0,212.1320344,212.1320344
200,OLP,2,0,3,Stimuli/Fractals/44b.jpg,Stimuli/Fractals/44c.jpg,Stimuli/Fractals/44a.jpg,300,0,212.1320344,212.1320344,212.1320344,-212.1320344,-300,0
201,ERP,1,3,3,Stimuli/Fractals/69c.jpg,Stimuli/Fractals/69a.jpg,Stimuli/Fractals/69b.jpg,212.1320344,212.1320344,300,0,0,300,-212.1320344,-212.1320344
202,OLP,2,0,3,Stimuli/Fractals/83b.jpg,Stimuli/Fractals/83c.jpg,Stimuli/Fractals/83a.jpg,-212.1320344,-212.1320344,0,-300,-300,0,212.1320344,212.1320344
203,ERP,1,3,3,Stimuli/Fractals/53c.jpg,Stimuli/Fractals/53a.jpg,Stimuli/Fractals/53b.jpg,-212.1320344,-212.1320344,-300,0,0,-300,212.1320344,212.1320344
204,OLP,1,4,3,Stimuli/Fractals/67b.jpg,Stimuli/Fractals/67a.jpg,Stimuli/Fractals/67c.jpg,0,-300,-212.1320344,-212.1320344,212.1320344,-212.1320344,0,300
205,ERP,2,0,3,Stimuli/Fractals/69c.jpg,Stimuli/Fractals/69a.jpg,Stimuli/Fractals/69b.jpg,212.1320344,212.1320344,300,0,0,300,-212.1320344,-212.1320344
206,LLP,1,1,3,Stimuli/Fractals/47a.jpg,Stimuli/Fractals/47b.jpg,Stimuli/Fractals/47c.jpg,212.1320344,-212.1320344,300,0,0,-300,-212.1320344,212.1320344
207,ERP,2,0,3,Stimuli/Fractals/53c.jpg,Stimuli/Fractals/53a.jpg,Stimuli/Fractals/53b.jpg,-212.1320344,-212.1320344,-300,0,0,-300,212.1320344,212.1320344
208,LLP,2,0,3,Stimuli/Fractals/47a.jpg,Stimuli/Fractals/47b.jpg,Stimuli/Fractals/47c.jpg,212.1320344,-212.1320344,300,0,0,-300,-212.1320344,212.1320344
209,OLP,2,0,3,Stimuli/Fractals/67b.jpg,Stimuli/Fractals/67a.jpg,Stimuli/Fractals/67c.jpg,0,-300,-212.1320344,-212.1320344,212.1320344,-212.1320344,0,300
210,BL,0,0,3,Stimuli/Fractals/115b.jpg,Stimuli/Fractals/115a.jpg,Stimuli/Fractals/115c.jpg,212.1320344,212.1320344,,,,,,
211,ERP,1,2,3,Stimuli/Fractals/123b.jpg,Stimuli/Fractals/123c.jpg,Stimuli/Fractals/123a.jpg,-300,0,-212.1320344,212.1320344,-212.1320344,-212.1320344,300,0
212,OLP,1,2,3,Stimuli/Fractals/55c.jpg,Stimuli/Fractals/55b.jpg,Stimuli/Fractals/55a.jpg,300,0,212.1320344,212.1320344,212.1320344,-212.1320344,-212.1320344,-212.1320344
213,OLP,1,3,3,Stimuli/Fractals/61a.jpg,Stimuli/Fractals/61c.jpg,Stimuli/Fractals/61b.jpg,-212.1320344,212.1320344,0,300,-300,0,212.1320344,-212.1320344
214,ERP,2,0,3,Stimuli/Fractals/123b.jpg,Stimuli/Fractals/123c.jpg,Stimuli/Fractals/123a.jpg,-300,0,-212.1320344,212.1320344,-212.1320344,-212.1320344,300,0
215,OLP,2,0,3,Stimuli/Fractals/55c.jpg,Stimuli/Fractals/55b.jpg,Stimuli/Fractals/55a.jpg,300,0,212.1320344,212.1320344,212.1320344,-212.1320344,-212.1320344,-212.1320344
216,ERP,1,3,3,Stimuli/Fractals/89c.jpg,Stimuli/Fractals/89a.jpg,Stimuli/Fractals/89b.jpg,300,0,212.1320344,212.1320344,212.1320344,-212.1320344,-212.1320344,-212.1320344
217,OLP,2,0,3,Stimuli/Fractals/61a.jpg,Stimuli/Fractals/61c.jpg,Stimuli/Fractals/61b.jpg,-212.1320344,212.1320344,0,300,-300,0,212.1320344,-212.1320344
218,ERP,1,5,3,Stimuli/Fractals/117b.jpg,Stimuli/Fractals/117a.jpg,Stimuli/Fractals/117c.jpg,212.1320344,-212.1320344,300,0,0,-300,-300,0
219,OLP,1,1,3,Stimuli/Fractals/48a.jpg,Stimuli/Fractals/48b.jpg,Stimuli/Fractals/48c.jpg,-300,0,-212.1320344,212.1320344,-212.1320344,-212.1320344,212.1320344,-212.1320344
220,ERP,2,0,3,Stimuli/Fractals/89c.jpg,Stimuli/Fractals/89a.jpg,Stimuli/Fractals/89b.jpg,300,0,212.1320344,212.1320344,212.1320344,-212.1320344,-212.1320344,-212.1320344
221,OLP,2,0,3,Stimuli/Fractals/48a.jpg,Stimuli/Fractals/48b.jpg,Stimuli/Fractals/48c.jpg,-300,0,-212.1320344,212.1320344,-212.1320344,-212.1320344,212.1320344,-212.1320344
222,OLP,1,4,3,Stimuli/Fractals/4c.jpg,Stimuli/Fractals/4b.jpg,Stimuli/Fractals/4a.jpg,0,300,212.1320344,212.1320344,-212.1320344,212.1320344,0,-300
223,ERP,1,5,3,Stimuli/Fractals/95a.jpg,Stimuli/Fractals/95b.jpg,Stimuli/Fractals/95c.jpg,0,300,212.1320344,212.1320344,-212.1320344,212.1320344,-212.1320344,-212.1320344
224,ERP,2,0,3,Stimuli/Fractals/117b.jpg,Stimuli/Fractals/117a.jpg,Stimuli/Fractals/117c.jpg,212.1320344,-212.1320344,300,0,0,-300,-300,0
225,OLP,1,4,3,Stimuli/Fractals/68c.jpg,Stimuli/Fractals/68b.jpg,Stimuli/Fractals/68a.jpg,-212.1320344,-212.1320344,0,-300,-300,0,0,300
226,OLP,1,1,3,Stimuli/Fractals/137c.jpg,Stimuli/Fractals/137a.jpg,Stimuli/Fractals/137b.jpg,0,-300,212.1320344,-212.1320344,-212.1320344,-212.1320344,-212.1320344,212.1320344
227,OLP,2,0,3,Stimuli/Fractals/4c.jpg,Stimuli/Fractals/4b.jpg,Stimuli/Fractals/4a.jpg,0,300,212.1320344,212.1320344,-212.1320344,212.1320344,0,-300
228,OLP,2,0,3,Stimuli/Fractals/137c.jpg,Stimuli/Fractals/137a.jpg,Stimuli/Fractals/137b.jpg,0,-300,212.1320344,-212.1320344,-212.1320344,-212.1320344,-212.1320344,212.1320344
229,ERP,2,0,3,Stimuli/Fractals/95a.jpg,Stimuli/Fractals/95b.jpg,Stimuli/Fractals/95c.jpg,0,300,212.1320344,212.1320344,-212.1320344,212.1320344,-212.1320344,-212.1320344
230,OLP,2,0,3,Stimuli/Fractals/68c.jpg,Stimuli/Fractals/68b.jpg,Stimuli/Fractals/68a.jpg,-212.1320344,-212.1320344,0,-300,-300,0,0,300
231,BL,0,0,3,Stimuli/Fractals/115b.jpg,Stimuli/Fractals/115a.jpg,Stimuli/Fractals/115c.jpg,212.1320344,212.1320344,,,,,,
232,ERP,1,4,3,Stimuli/Fractals/133b.jpg,Stimuli/Fractals/133a.jpg,Stimuli/Fractals/133c.jpg,-300,0,-212.1320344,212.1320344,-212.1320344,-212.1320344,300,0
233,OLP,1,4,3,Stimuli/Fractals/143b.jpg,Stimuli/Fractals/143c.jpg,Stimuli/Fractals/143a.jpg,300,0,212.1320344,212.1320344,212.1320344,-212.1320344,-212.1320344,-212.1320344
234,ERP,1,5,3,Stimuli/Fractals/33b.jpg,Stimuli/Fractals/33a.jpg,Stimuli/Fractals/33c.jpg,0,300,212.1320344,212.1320344,-212.1320344,212.1320344,0,-300
235,LLP,1,5,3,Stimuli/Fractals/37b.jpg,Stimuli/Fractals/37c.jpg,Stimuli/Fractals/37a.jpg,0,-300,212.1320344,-212.1320344,-212.1320344,-212.1320344,0,300
236,ERP,1,2,3,Stimuli/Fractals/59b.jpg,Stimuli/Fractals/59c.jpg,Stimuli/Fractals/59a.jpg,212.1320344,212.1320344,300,0,0,300,-212.1320344,-212.1320344
237,ERP,2,0,3,Stimuli/Fractals/133b.jpg,Stimuli/Fractals/133a.jpg,Stimuli/Fractals/133c.jpg,-300,0,-212.1320344,212.1320344,-212.1320344,-212.1320344,300,0
238,OLP,2,0,3,Stimuli/Fractals/143b.jpg,Stimuli/Fractals/143c.jpg,Stimuli/Fractals/143a.jpg,300,0,212.1320344,212.1320344,212.1320344,-212.1320344,-212.1320344,-212.1320344
239,ERP,2,0,3,Stimuli/Fractals/59b.jpg,Stimuli/Fractals/59c.jpg,Stimuli/Fractals/59a.jpg,212.1320344,212.1320344,300,0,0,300,-212.1320344,-212.1320344
240,ERP,2,0,3,Stimuli/Fractals/33b.jpg,Stimuli/Fractals/33a.jpg,Stimuli/Fractals/33c.jpg,0,300,212.1320344,212.1320344,-212.1320344,212.1320344,0,-300
241,LLP,2,0,3,Stimuli/Fractals/37b.jpg,Stimuli/Fractals/37c.jpg,Stimuli/Fractals/37a.jpg,0,-300,212.1320344,-212.1320344,-212.1320344,-212.1320344,0,300
242,LLP,1,3,3,Stimuli/Fractals/131b.jpg,Stimuli/Fractals/131a.jpg,Stimuli/Fractals/131c.jpg,-212.1320344,-212.1320344,0,-300,-300,0,212.1320344,212.1320344
243,ERP,1,1,3,Stimuli/Fractals/106b.jpg,Stimuli/Fractals/106c.jpg,Stimuli/Fractals/106a.jpg,300,0,212.1320344,212.1320344,212.1320344,-212.1320344,-212.1320344,-212.1320344
244,LLP,1,3,3,Stimuli/Fractals/103a.jpg,Stimuli/Fractals/103c.jpg,Stimuli/Fractals/103b.jpg,-300,0,-212.1320344,-212.1320344,-212.1320344,212.1320344,212.1320344,212.1320344
245,ERP,2,0,3,Stimuli/Fractals/106b.jpg,Stimuli/Fractals/106c.jpg,Stimuli/Fractals/106a.jpg,300,0,212.1320344,212.1320344,212.1320344,-212.1320344,-212.1320344,-212.1320344
246,LLP,2,0,3,Stimuli/Fractals/131b.jpg,Stimuli/Fractals/131a.jpg,Stimuli/Fractals/131c.jpg,-212.1320344,-212.1320344,0,-300,-300,0,212.1320344,212.1320344
247,ERP,1,2,3,Stimuli/Fractals/10a.jpg,Stimuli/Fractals/10b.jpg,Stimuli/Fractals/10c.jpg,-300,0,-212.1320344,212.1320344,-212.1320344,-212.1320344,212.1320344,-212.1320344
248,LLP,2,0,3,Stimuli/Fractals/103a.jpg,Stimuli/Fractals/103c.jpg,Stimuli/Fractals/103b.jpg,-300,0,-212.1320344,-212.1320344,-212.1320344,212.1320344,212.1320344,212.1320344
249,LLP,1,1,3,Stimuli/Fractals/99c.jpg,Stimuli/Fractals/99b.jpg,Stimuli/Fractals/99a.jpg,-212.1320344,212.1320344,0,300,-300,0,212.1320344,-212.1320344
250,ERP,2,0,3,Stimuli/Fractals/10a.jpg,Stimuli/Fractals/10b.jpg,Stimuli/Fractals/10c.jpg,-300,0,-212.1320344,212.1320344,-212.1320344,-212.1320344,212.1320344,-212.1320344
251,LLP,2,0,3,Stimuli/Fractals/99c.jpg,Stimuli/Fractals/99b.jpg,Stimuli/Fractals/99a.jpg,-212.1320344,212.1320344,0,300,-300,0,212.1320344,-212.1320344
252,BL,0,0,3,Stimuli/Fractals/115b.jpg,Stimuli/Fractals/115a.jpg,Stimuli/Fractals/115c.jpg,212.1320344,212.1320344,,,,,,
