Unnamed: 0,TrialIndex,Jitter,ScannerRun,StimType,Order,Delay,CurrentImage,CurrentX,CurrentY,TripletMemberA,TripletMemberB,TripletMemberC,Xcoordinate,Ycoordinate,Xcoordinate_lure1,Ycoordinate_lure1,Xcoordinate_lure2,Ycoordinate_lure2,Xcoordinate_foil,Ycoordinate_foil
0,1.0,2000.0,1.0,OLP,1.0,3.0,stimuli/fractals/90a.jpg,75.0,-75.0,stimuli/fractals/90a.jpg,stimuli/fractals/90c.jpg,stimuli/fractals/90b.jpg,75,-75,225,-75,75,75,-375,225
1,2.0,6000.0,1.0,OLP,1.0,3.0,stimuli/fractals/23a.jpg,-75.0,-75.0,stimuli/fractals/23a.jpg,stimuli/fractals/23c.jpg,stimuli/fractals/23b.jpg,-75,-75,75,-75,-225,-75,375,225
2,3.0,2000.0,1.0,LLP,1.0,5.0,stimuli/fractals/5c.jpg,-375.0,225.0,stimuli/fractals/5c.jpg,stimuli/fractals/5b.jpg,stimuli/fractals/5a.jpg,-375,225,-225,225,-375,75,225,-75
3,4.0,1000.0,1.0,ERP,1.0,2.0,stimuli/fractals/69b.jpg,-375.0,-225.0,stimuli/fractals/69b.jpg,stimuli/fractals/69c.jpg,stimuli/fractals/69a.jpg,-375,-225,-225,-225,-375,-75,375,75
4,5.0,5000.0,1.0,OLP,2.0,0.0,stimuli/fractals/90c.jpg,75.0,-75.0,stimuli/fractals/90a.jpg,stimuli/fractals/90c.jpg,stimuli/fractals/90b.jpg,75,-75,225,-75,75,75,-375,225
5,6.0,3000.0,1.0,OLP,2.0,0.0,stimuli/fractals/23c.jpg,-75.0,-75.0,stimuli/fractals/23a.jpg,stimuli/fractals/23c.jpg,stimuli/fractals/23b.jpg,-75,-75,75,-75,-225,-75,375,225
6,7.0,6000.0,1.0,ERP,2.0,0.0,stimuli/fractals/69b.jpg,-375.0,-225.0,stimuli/fractals/69b.jpg,stimuli/fractals/69c.jpg,stimuli/fractals/69a.jpg,-375,-225,-225,-225,-375,-75,375,75
7,8.0,2000.0,1.0,ERP,1.0,5.0,stimuli/fractals/139b.jpg,-225.0,-75.0,stimuli/fractals/139b.jpg,stimuli/fractals/139c.jpg,stimuli/fractals/139a.jpg,-225,-75,-225,75,-75,-75,375,-225
8,9.0,2000.0,1.0,LLP,2.0,0.0,stimuli/fractals/5c.jpg,-225.0,225.0,stimuli/fractals/5c.jpg,stimuli/fractals/5b.jpg,stimuli/fractals/5a.jpg,-375,225,-225,225,-375,75,225,-75
9,10.0,3000.0,1.0,LLP,1.0,4.0,stimuli/fractals/42a.jpg,75.0,-75.0,stimuli/fractals/42a.jpg,stimuli/fractals/42c.jpg,stimuli/fractals/42b.jpg,75,-75,75,-225,225,-75,-375,225
10,11.0,2000.0,1.0,ERP,1.0,1.0,stimuli/fractals/141a.jpg,375.0,225.0,stimuli/fractals/141a.jpg,stimuli/fractals/141c.jpg,stimuli/fractals/141b.jpg,375,225,375,75,225,225,-375,-225
11,12.0,2000.0,1.0,OLP,1.0,4.0,stimuli/fractals/34c.jpg,75.0,-75.0,stimuli/fractals/34c.jpg,stimuli/fractals/34a.jpg,stimuli/fractals/34b.jpg,75,-75,75,75,225,-75,-375,225
12,13.0,2000.0,1.0,ERP,2.0,0.0,stimuli/fractals/141a.jpg,375.0,225.0,stimuli/fractals/141a.jpg,stimuli/fractals/141c.jpg,stimuli/fractals/141b.jpg,375,225,375,75,225,225,-375,-225
13,14.0,500.0,1.0,ERP,2.0,0.0,stimuli/fractals/139b.jpg,-225.0,-75.0,stimuli/fractals/139b.jpg,stimuli/fractals/139c.jpg,stimuli/fractals/139a.jpg,-225,-75,-225,75,-75,-75,375,-225
14,15.0,500.0,1.0,LLP,2.0,0.0,stimuli/fractals/42a.jpg,75.0,-225.0,stimuli/fractals/42a.jpg,stimuli/fractals/42c.jpg,stimuli/fractals/42b.jpg,75,-75,75,-225,225,-75,-375,225
15,16.0,1000.0,1.0,LLP,1.0,2.0,stimuli/fractals/40b.jpg,-375.0,75.0,stimuli/fractals/40b.jpg,stimuli/fractals/40c.jpg,stimuli/fractals/40a.jpg,-375,75,-375,225,-375,-75,375,-225
16,17.0,3000.0,1.0,OLP,2.0,0.0,stimuli/fractals/34a.jpg,75.0,-75.0,stimuli/fractals/34c.jpg,stimuli/fractals/34a.jpg,stimuli/fractals/34b.jpg,75,-75,75,75,225,-75,-375,225
17,18.0,4000.0,1.0,OLP,1.0,1.0,stimuli/fractals/103b.jpg,375.0,-225.0,stimuli/fractals/103b.jpg,stimuli/fractals/103a.jpg,stimuli/fractals/103c.jpg,375,-225,225,-225,375,-75,-225,225
18,19.0,1000.0,1.0,LLP,2.0,0.0,stimuli/fractals/40b.jpg,-375.0,225.0,stimuli/fractals/40b.jpg,stimuli/fractals/40c.jpg,stimuli/fractals/40a.jpg,-375,75,-375,225,-375,-75,375,-225
19,20.0,2000.0,1.0,OLP,2.0,0.0,stimuli/fractals/103a.jpg,375.0,-225.0,stimuli/fractals/103b.jpg,stimuli/fractals/103a.jpg,stimuli/fractals/103c.jpg,375,-225,225,-225,375,-75,-225,225
20,21.0,5000.0,1.0,BL,0.0,0.0,stimuli/fractals/124c.jpg,225.0,75.0,stimuli/fractals/124c.jpg,stimuli/fractals/124a.jpg,stimuli/fractals/124b.jpg,225,75,225,225,225,-75,-375,-225
21,22.0,1000.0,1.0,ERP,1.0,3.0,stimuli/fractals/100a.jpg,375.0,-75.0,stimuli/fractals/100a.jpg,stimuli/fractals/100b.jpg,stimuli/fractals/100c.jpg,375,-75,225,-75,375,-225,-375,-225
22,23.0,2000.0,1.0,LLP,1.0,5.0,stimuli/fractals/116b.jpg,375.0,-225.0,stimuli/fractals/116b.jpg,stimuli/fractals/116c.jpg,stimuli/fractals/116a.jpg,375,-225,375,-75,225,-225,-375,-75
23,24.0,1000.0,1.0,ERP,1.0,2.0,stimuli/fractals/145a.jpg,75.0,225.0,stimuli/fractals/145a.jpg,stimuli/fractals/145b.jpg,stimuli/fractals/145c.jpg,75,225,-75,225,75,75,-375,-225
24,25.0,2000.0,1.0,ERP,1.0,5.0,stimuli/fractals/71c.jpg,375.0,-225.0,stimuli/fractals/71c.jpg,stimuli/fractals/71a.jpg,stimuli/fractals/71b.jpg,375,-225,225,-225,375,-75,-75,225
25,26.0,1000.0,1.0,ERP,2.0,0.0,stimuli/fractals/100a.jpg,375.0,-75.0,stimuli/fractals/100a.jpg,stimuli/fractals/100b.jpg,stimuli/fractals/100c.jpg,375,-75,225,-75,375,-225,-375,-225
26,27.0,5000.0,1.0,ERP,2.0,0.0,stimuli/fractals/145a.jpg,75.0,225.0,stimuli/fractals/145a.jpg,stimuli/fractals/145b.jpg,stimuli/fractals/145c.jpg,75,225,-75,225,75,75,-375,-225
27,28.0,2000.0,1.0,OLP,1.0,3.0,stimuli/fractals/89c.jpg,375.0,-225.0,stimuli/fractals/89c.jpg,stimuli/fractals/89b.jpg,stimuli/fractals/89a.jpg,375,-225,225,-225,375,-75,-375,225
28,29.0,4000.0,1.0,LLP,2.0,0.0,stimuli/fractals/116b.jpg,375.0,-75.0,stimuli/fractals/116b.jpg,stimuli/fractals/116c.jpg,stimuli/fractals/116a.jpg,375,-225,375,-75,225,-225,-375,-75
29,30.0,1000.0,1.0,OLP,1.0,2.0,stimuli/fractals/63c.jpg,-375.0,-225.0,stimuli/fractals/63c.jpg,stimuli/fractals/63b.jpg,stimuli/fractals/63a.jpg,-375,-225,-225,-225,-375,-75,225,225
30,31.0,3000.0,1.0,ERP,2.0,0.0,stimuli/fractals/71c.jpg,375.0,-225.0,stimuli/fractals/71c.jpg,stimuli/fractals/71a.jpg,stimuli/fractals/71b.jpg,375,-225,225,-225,375,-75,-75,225
31,32.0,4000.0,1.0,OLP,2.0,0.0,stimuli/fractals/89b.jpg,375.0,-225.0,stimuli/fractals/89c.jpg,stimuli/fractals/89b.jpg,stimuli/fractals/89a.jpg,375,-225,225,-225,375,-75,-375,225
32,33.0,1000.0,1.0,OLP,2.0,0.0,stimuli/fractals/63b.jpg,-375.0,-225.0,stimuli/fractals/63c.jpg,stimuli/fractals/63b.jpg,stimuli/fractals/63a.jpg,-375,-225,-225,-225,-375,-75,225,225
33,34.0,3000.0,1.0,ERP,1.0,4.0,stimuli/fractals/50c.jpg,-225.0,-225.0,stimuli/fractals/50c.jpg,stimuli/fractals/50a.jpg,stimuli/fractals/50b.jpg,-225,-225,-375,-225,-75,-225,375,75
34,35.0,7000.0,1.0,OLP,1.0,1.0,stimuli/fractals/83b.jpg,-75.0,-75.0,stimuli/fractals/83b.jpg,stimuli/fractals/83c.jpg,stimuli/fractals/83a.jpg,-75,-75,75,-75,-75,-225,375,225
35,36.0,1000.0,1.0,LLP,1.0,4.0,stimuli/fractals/41b.jpg,225.0,75.0,stimuli/fractals/41b.jpg,stimuli/fractals/41c.jpg,stimuli/fractals/41a.jpg,225,75,375,75,225,225,-375,225
36,37.0,1000.0,1.0,OLP,2.0,0.0,stimuli/fractals/83c.jpg,-75.0,-75.0,stimuli/fractals/83b.jpg,stimuli/fractals/83c.jpg,stimuli/fractals/83a.jpg,-75,-75,75,-75,-75,-225,375,225
37,38.0,3000.0,1.0,LLP,1.0,1.0,stimuli/fractals/105a.jpg,225.0,-75.0,stimuli/fractals/105a.jpg,stimuli/fractals/105b.jpg,stimuli/fractals/105c.jpg,225,-75,75,-75,225,-225,-375,225
38,39.0,2000.0,1.0,ERP,2.0,0.0,stimuli/fractals/50c.jpg,-225.0,-225.0,stimuli/fractals/50c.jpg,stimuli/fractals/50a.jpg,stimuli/fractals/50b.jpg,-225,-225,-375,-225,-75,-225,375,75
39,40.0,1000.0,1.0,LLP,2.0,0.0,stimuli/fractals/105a.jpg,75.0,-75.0,stimuli/fractals/105a.jpg,stimuli/fractals/105b.jpg,stimuli/fractals/105c.jpg,225,-75,75,-75,225,-225,-375,225
40,41.0,3000.0,1.0,LLP,2.0,0.0,stimuli/fractals/41b.jpg,375.0,75.0,stimuli/fractals/41b.jpg,stimuli/fractals/41c.jpg,stimuli/fractals/41a.jpg,225,75,375,75,225,225,-375,225
41,42.0,3000.0,1.0,BL,0.0,0.0,stimuli/fractals/124c.jpg,-225.0,75.0,stimuli/fractals/124c.jpg,stimuli/fractals/124a.jpg,stimuli/fractals/124b.jpg,-225,75,-375,75,-225,225,375,-225
42,43.0,2000.0,1.0,OLP,1.0,2.0,stimuli/fractals/84b.jpg,-375.0,-75.0,stimuli/fractals/84b.jpg,stimuli/fractals/84c.jpg,stimuli/fractals/84a.jpg,-375,-75,-375,-225,-375,75,375,225
43,44.0,2000.0,1.0,OLP,1.0,5.0,stimuli/fractals/38a.jpg,-75.0,225.0,stimuli/fractals/38a.jpg,stimuli/fractals/38b.jpg,stimuli/fractals/38c.jpg,-75,225,-225,225,75,225,375,-75
44,45.0,1000.0,1.0,ERP,1.0,5.0,stimuli/fractals/73c.jpg,-225.0,-225.0,stimuli/fractals/73c.jpg,stimuli/fractals/73b.jpg,stimuli/fractals/73a.jpg,-225,-225,-225,-75,-375,-225,375,225
45,46.0,4000.0,1.0,OLP,2.0,0.0,stimuli/fractals/84c.jpg,-375.0,-75.0,stimuli/fractals/84b.jpg,stimuli/fractals/84c.jpg,stimuli/fractals/84a.jpg,-375,-75,-375,-225,-375,75,375,225
46,47.0,1000.0,1.0,LLP,1.0,1.0,stimuli/fractals/87b.jpg,75.0,-225.0,stimuli/fractals/87b.jpg,stimuli/fractals/87c.jpg,stimuli/fractals/87a.jpg,75,-225,-75,-225,75,-75,-225,225
47,48.0,1000.0,1.0,ERP,1.0,3.0,stimuli/fractals/54a.jpg,375.0,-75.0,stimuli/fractals/54a.jpg,stimuli/fractals/54b.jpg,stimuli/fractals/54c.jpg,375,-75,375,75,375,-225,-225,225
48,49.0,1000.0,1.0,LLP,2.0,0.0,stimuli/fractals/87b.jpg,-75.0,-225.0,stimuli/fractals/87b.jpg,stimuli/fractals/87c.jpg,stimuli/fractals/87a.jpg,75,-225,-75,-225,75,-75,-225,225
49,50.0,1000.0,1.0,OLP,2.0,0.0,stimuli/fractals/38b.jpg,-75.0,225.0,stimuli/fractals/38a.jpg,stimuli/fractals/38b.jpg,stimuli/fractals/38c.jpg,-75,225,-225,225,75,225,375,-75
50,51.0,3000.0,1.0,ERP,2.0,0.0,stimuli/fractals/73c.jpg,-225.0,-225.0,stimuli/fractals/73c.jpg,stimuli/fractals/73b.jpg,stimuli/fractals/73a.jpg,-225,-225,-225,-75,-375,-225,375,225
51,52.0,3000.0,1.0,ERP,2.0,0.0,stimuli/fractals/54a.jpg,375.0,-75.0,stimuli/fractals/54a.jpg,stimuli/fractals/54b.jpg,stimuli/fractals/54c.jpg,375,-75,375,75,375,-225,-225,225
52,53.0,500.0,1.0,OLP,1.0,1.0,stimuli/fractals/75c.jpg,225.0,-75.0,stimuli/fractals/75c.jpg,stimuli/fractals/75b.jpg,stimuli/fractals/75a.jpg,225,-75,225,-225,375,-75,-375,225
53,54.0,1000.0,1.0,OLP,1.0,4.0,stimuli/fractals/76b.jpg,225.0,225.0,stimuli/fractals/76b.jpg,stimuli/fractals/76c.jpg,stimuli/fractals/76a.jpg,225,225,75,225,225,75,-225,-225
54,55.0,1000.0,1.0,OLP,2.0,0.0,stimuli/fractals/75b.jpg,225.0,-75.0,stimuli/fractals/75c.jpg,stimuli/fractals/75b.jpg,stimuli/fractals/75a.jpg,225,-75,225,-225,375,-75,-375,225
55,56.0,1000.0,1.0,LLP,1.0,4.0,stimuli/fractals/138b.jpg,225.0,75.0,stimuli/fractals/138b.jpg,stimuli/fractals/138a.jpg,stimuli/fractals/138c.jpg,225,75,225,225,375,75,-375,-225
56,57.0,500.0,1.0,ERP,1.0,2.0,stimuli/fractals/119c.jpg,-375.0,-75.0,stimuli/fractals/119c.jpg,stimuli/fractals/119b.jpg,stimuli/fractals/119a.jpg,-375,-75,-225,-75,-375,-225,375,75
57,58.0,2000.0,1.0,ERP,1.0,3.0,stimuli/fractals/136c.jpg,375.0,225.0,stimuli/fractals/136c.jpg,stimuli/fractals/136b.jpg,stimuli/fractals/136a.jpg,375,225,225,225,375,75,-225,-75
58,59.0,500.0,1.0,OLP,2.0,0.0,stimuli/fractals/76c.jpg,225.0,225.0,stimuli/fractals/76b.jpg,stimuli/fractals/76c.jpg,stimuli/fractals/76a.jpg,225,225,75,225,225,75,-225,-225
59,60.0,6000.0,1.0,ERP,2.0,0.0,stimuli/fractals/119c.jpg,-375.0,-75.0,stimuli/fractals/119c.jpg,stimuli/fractals/119b.jpg,stimuli/fractals/119a.jpg,-375,-75,-225,-75,-375,-225,375,75
60,61.0,8000.0,1.0,LLP,2.0,0.0,stimuli/fractals/138b.jpg,225.0,225.0,stimuli/fractals/138b.jpg,stimuli/fractals/138a.jpg,stimuli/fractals/138c.jpg,225,75,225,225,375,75,-375,-225
61,62.0,7000.0,1.0,ERP,2.0,0.0,stimuli/fractals/136c.jpg,375.0,225.0,stimuli/fractals/136c.jpg,stimuli/fractals/136b.jpg,stimuli/fractals/136a.jpg,375,225,225,225,375,75,-225,-75
62,63.0,1000.0,1.0,BL,0.0,0.0,stimuli/fractals/124c.jpg,225.0,225.0,stimuli/fractals/124c.jpg,stimuli/fractals/124a.jpg,stimuli/fractals/124b.jpg,225,225,375,225,225,75,-225,-225
63,64.0,4000.0,1.0,OLP,1.0,1.0,stimuli/fractals/3b.jpg,225.0,75.0,stimuli/fractals/3b.jpg,stimuli/fractals/3a.jpg,stimuli/fractals/3c.jpg,225,75,225,-75,225,225,-225,-225
64,65.0,2000.0,1.0,OLP,1.0,1.0,stimuli/fractals/144c.jpg,375.0,225.0,stimuli/fractals/144c.jpg,stimuli/fractals/144a.jpg,stimuli/fractals/144b.jpg,375,225,375,75,225,225,-375,-75
65,66.0,4000.0,1.0,OLP,2.0,0.0,stimuli/fractals/3a.jpg,225.0,75.0,stimuli/fractals/3b.jpg,stimuli/fractals/3a.jpg,stimuli/fractals/3c.jpg,225,75,225,-75,225,225,-225,-225
66,67.0,1000.0,1.0,OLP,2.0,0.0,stimuli/fractals/144a.jpg,375.0,225.0,stimuli/fractals/144c.jpg,stimuli/fractals/144a.jpg,stimuli/fractals/144b.jpg,375,225,375,75,225,225,-375,-75
67,68.0,3000.0,1.0,OLP,1.0,4.0,stimuli/fractals/56b.jpg,-75.0,75.0,stimuli/fractals/56b.jpg,stimuli/fractals/56c.jpg,stimuli/fractals/56a.jpg,-75,75,-225,75,-75,-75,375,-225
68,69.0,1000.0,1.0,LLP,1.0,2.0,stimuli/fractals/39c.jpg,-225.0,225.0,stimuli/fractals/39c.jpg,stimuli/fractals/39b.jpg,stimuli/fractals/39a.jpg,-225,225,-225,75,-75,225,75,-225
69,70.0,1000.0,1.0,OLP,1.0,3.0,stimuli/fractals/62c.jpg,75.0,-225.0,stimuli/fractals/62c.jpg,stimuli/fractals/62b.jpg,stimuli/fractals/62a.jpg,75,-225,75,-75,-75,-225,-375,225
70,71.0,500.0,1.0,ERP,1.0,5.0,stimuli/fractals/4a.jpg,-75.0,75.0,stimuli/fractals/4a.jpg,stimuli/fractals/4c.jpg,stimuli/fractals/4b.jpg,-75,75,-75,225,-75,-75,375,-225
71,72.0,7000.0,1.0,LLP,2.0,0.0,stimuli/fractals/39c.jpg,-225.0,75.0,stimuli/fractals/39c.jpg,stimuli/fractals/39b.jpg,stimuli/fractals/39a.jpg,-225,225,-225,75,-75,225,75,-225
72,73.0,4000.0,1.0,OLP,2.0,0.0,stimuli/fractals/56c.jpg,-75.0,75.0,stimuli/fractals/56b.jpg,stimuli/fractals/56c.jpg,stimuli/fractals/56a.jpg,-75,75,-225,75,-75,-75,375,-225
73,74.0,2000.0,1.0,OLP,2.0,0.0,stimuli/fractals/62b.jpg,75.0,-225.0,stimuli/fractals/62c.jpg,stimuli/fractals/62b.jpg,stimuli/fractals/62a.jpg,75,-225,75,-75,-75,-225,-375,225
74,75.0,2000.0,1.0,LLP,1.0,5.0,stimuli/fractals/26b.jpg,75.0,-75.0,stimuli/fractals/26b.jpg,stimuli/fractals/26a.jpg,stimuli/fractals/26c.jpg,75,-75,75,75,225,-75,-375,225
75,76.0,2000.0,1.0,OLP,1.0,3.0,stimuli/fractals/108a.jpg,-75.0,-75.0,stimuli/fractals/108a.jpg,stimuli/fractals/108c.jpg,stimuli/fractals/108b.jpg,-75,-75,-75,75,75,-75,375,225
76,77.0,1000.0,1.0,ERP,2.0,0.0,stimuli/fractals/4a.jpg,-75.0,75.0,stimuli/fractals/4a.jpg,stimuli/fractals/4c.jpg,stimuli/fractals/4b.jpg,-75,75,-75,225,-75,-75,375,-225
77,78.0,7000.0,1.0,OLP,1.0,4.0,stimuli/fractals/10b.jpg,-225.0,75.0,stimuli/fractals/10b.jpg,stimuli/fractals/10c.jpg,stimuli/fractals/10a.jpg,-225,75,-225,225,-225,-75,375,-75
78,79.0,1000.0,1.0,ERP,1.0,2.0,stimuli/fractals/48b.jpg,75.0,225.0,stimuli/fractals/48b.jpg,stimuli/fractals/48a.jpg,stimuli/fractals/48c.jpg,75,225,-75,225,75,75,-375,-225
79,80.0,1000.0,1.0,OLP,2.0,0.0,stimuli/fractals/108c.jpg,-75.0,-75.0,stimuli/fractals/108a.jpg,stimuli/fractals/108c.jpg,stimuli/fractals/108b.jpg,-75,-75,-75,75,75,-75,375,225
80,81.0,1000.0,1.0,LLP,2.0,0.0,stimuli/fractals/26b.jpg,75.0,75.0,stimuli/fractals/26b.jpg,stimuli/fractals/26a.jpg,stimuli/fractals/26c.jpg,75,-75,75,75,225,-75,-375,225
81,82.0,4000.0,1.0,ERP,2.0,0.0,stimuli/fractals/48b.jpg,75.0,225.0,stimuli/fractals/48b.jpg,stimuli/fractals/48a.jpg,stimuli/fractals/48c.jpg,75,225,-75,225,75,75,-375,-225
82,83.0,1000.0,1.0,OLP,2.0,0.0,stimuli/fractals/10c.jpg,-225.0,75.0,stimuli/fractals/10b.jpg,stimuli/fractals/10c.jpg,stimuli/fractals/10a.jpg,-225,75,-225,225,-225,-75,375,-75
83,84.0,3000.0,1.0,BL,0.0,0.0,stimuli/fractals/124c.jpg,-75.0,-75.0,stimuli/fractals/124c.jpg,stimuli/fractals/124a.jpg,stimuli/fractals/124b.jpg,-75,-75,75,-75,-225,-75,375,225
84,85.0,500.0,2.0,LLP,1.0,1.0,stimuli/fractals/133a.jpg,375.0,75.0,stimuli/fractals/133a.jpg,stimuli/fractals/133b.jpg,stimuli/fractals/133c.jpg,375,75,225,75,375,225,-225,225
85,86.0,3000.0,2.0,OLP,1.0,2.0,stimuli/fractals/8c.jpg,-225.0,-225.0,stimuli/fractals/8c.jpg,stimuli/fractals/8b.jpg,stimuli/fractals/8a.jpg,-225,-225,-225,-75,-75,-225,375,225
86,87.0,2000.0,2.0,LLP,2.0,0.0,stimuli/fractals/133a.jpg,225.0,75.0,stimuli/fractals/133a.jpg,stimuli/fractals/133b.jpg,stimuli/fractals/133c.jpg,375,75,225,75,375,225,-225,225
87,88.0,3000.0,2.0,OLP,1.0,1.0,stimuli/fractals/44b.jpg,-375.0,225.0,stimuli/fractals/44b.jpg,stimuli/fractals/44a.jpg,stimuli/fractals/44c.jpg,-375,225,-225,225,-375,75,75,-225
88,89.0,3000.0,2.0,OLP,2.0,0.0,stimuli/fractals/8b.jpg,-225.0,-225.0,stimuli/fractals/8c.jpg,stimuli/fractals/8b.jpg,stimuli/fractals/8a.jpg,-225,-225,-225,-75,-75,-225,375,225
89,90.0,4000.0,2.0,OLP,2.0,0.0,stimuli/fractals/44a.jpg,-375.0,225.0,stimuli/fractals/44b.jpg,stimuli/fractals/44a.jpg,stimuli/fractals/44c.jpg,-375,225,-225,225,-375,75,75,-225
90,91.0,3000.0,2.0,ERP,1.0,3.0,stimuli/fractals/60c.jpg,75.0,225.0,stimuli/fractals/60c.jpg,stimuli/fractals/60b.jpg,stimuli/fractals/60a.jpg,75,225,-75,225,225,225,-375,-225
91,92.0,2000.0,2.0,ERP,1.0,3.0,stimuli/fractals/59c.jpg,-225.0,-225.0,stimuli/fractals/59c.jpg,stimuli/fractals/59a.jpg,stimuli/fractals/59b.jpg,-225,-225,-225,-75,-75,-225,375,225
92,93.0,8000.0,2.0,OLP,1.0,5.0,stimuli/fractals/107c.jpg,75.0,-225.0,stimuli/fractals/107c.jpg,stimuli/fractals/107b.jpg,stimuli/fractals/107a.jpg,75,-225,225,-225,-75,-225,375,225
93,94.0,1000.0,2.0,LLP,1.0,5.0,stimuli/fractals/94c.jpg,375.0,-75.0,stimuli/fractals/94c.jpg,stimuli/fractals/94a.jpg,stimuli/fractals/94b.jpg,375,-75,375,75,375,-225,-225,225
94,95.0,500.0,2.0,ERP,2.0,0.0,stimuli/fractals/60c.jpg,75.0,225.0,stimuli/fractals/60c.jpg,stimuli/fractals/60b.jpg,stimuli/fractals/60a.jpg,75,225,-75,225,225,225,-375,-225
95,96.0,2000.0,2.0,ERP,2.0,0.0,stimuli/fractals/59c.jpg,-225.0,-225.0,stimuli/fractals/59c.jpg,stimuli/fractals/59a.jpg,stimuli/fractals/59b.jpg,-225,-225,-225,-75,-75,-225,375,225
96,97.0,2000.0,2.0,LLP,1.0,4.0,stimuli/fractals/115b.jpg,-75.0,225.0,stimuli/fractals/115b.jpg,stimuli/fractals/115c.jpg,stimuli/fractals/115a.jpg,-75,225,75,225,-75,75,225,-225
97,98.0,6000.0,2.0,ERP,1.0,4.0,stimuli/fractals/126b.jpg,-225.0,225.0,stimuli/fractals/126b.jpg,stimuli/fractals/126c.jpg,stimuli/fractals/126a.jpg,-225,225,-375,225,-75,225,375,-225
98,99.0,4000.0,2.0,OLP,2.0,0.0,stimuli/fractals/107b.jpg,75.0,-225.0,stimuli/fractals/107c.jpg,stimuli/fractals/107b.jpg,stimuli/fractals/107a.jpg,75,-225,225,-225,-75,-225,375,225
99,100.0,3000.0,2.0,LLP,2.0,0.0,stimuli/fractals/94c.jpg,375.0,75.0,stimuli/fractals/94c.jpg,stimuli/fractals/94a.jpg,stimuli/fractals/94b.jpg,375,-75,375,75,375,-225,-225,225
100,101.0,6000.0,2.0,LLP,1.0,2.0,stimuli/fractals/29a.jpg,375.0,-225.0,stimuli/fractals/29a.jpg,stimuli/fractals/29c.jpg,stimuli/fractals/29b.jpg,375,-225,225,-225,375,-75,-225,75
101,102.0,2000.0,2.0,LLP,2.0,0.0,stimuli/fractals/115b.jpg,75.0,225.0,stimuli/fractals/115b.jpg,stimuli/fractals/115c.jpg,stimuli/fractals/115a.jpg,-75,225,75,225,-75,75,225,-225
102,103.0,1000.0,2.0,ERP,2.0,0.0,stimuli/fractals/126b.jpg,-225.0,225.0,stimuli/fractals/126b.jpg,stimuli/fractals/126c.jpg,stimuli/fractals/126a.jpg,-225,225,-375,225,-75,225,375,-225
103,104.0,3000.0,2.0,LLP,2.0,0.0,stimuli/fractals/29a.jpg,225.0,-225.0,stimuli/fractals/29a.jpg,stimuli/fractals/29c.jpg,stimuli/fractals/29b.jpg,375,-225,225,-225,375,-75,-225,75
104,105.0,1000.0,2.0,BL,0.0,0.0,stimuli/fractals/124c.jpg,375.0,-75.0,stimuli/fractals/124c.jpg,stimuli/fractals/124a.jpg,stimuli/fractals/124b.jpg,375,-75,225,-75,375,75,-375,-225
105,106.0,1000.0,2.0,ERP,1.0,4.0,stimuli/fractals/51b.jpg,225.0,-225.0,stimuli/fractals/51b.jpg,stimuli/fractals/51a.jpg,stimuli/fractals/51c.jpg,225,-225,225,-75,75,-225,-375,75
106,107.0,1000.0,2.0,OLP,1.0,5.0,stimuli/fractals/30c.jpg,375.0,-75.0,stimuli/fractals/30c.jpg,stimuli/fractals/30b.jpg,stimuli/fractals/30a.jpg,375,-75,225,-75,375,-225,-375,225
107,108.0,5000.0,2.0,LLP,1.0,5.0,stimuli/fractals/96a.jpg,-375.0,-75.0,stimuli/fractals/96a.jpg,stimuli/fractals/96c.jpg,stimuli/fractals/96b.jpg,-375,-75,-375,75,-225,-75,225,225
108,109.0,2000.0,2.0,OLP,1.0,2.0,stimuli/fractals/14c.jpg,225.0,75.0,stimuli/fractals/14c.jpg,stimuli/fractals/14b.jpg,stimuli/fractals/14a.jpg,225,75,375,75,225,225,-375,225
109,110.0,1000.0,2.0,ERP,1.0,4.0,stimuli/fractals/82a.jpg,-75.0,-75.0,stimuli/fractals/82a.jpg,stimuli/fractals/82b.jpg,stimuli/fractals/82c.jpg,-75,-75,-225,-75,-75,-225,375,225
110,111.0,2000.0,2.0,ERP,2.0,0.0,stimuli/fractals/51b.jpg,225.0,-225.0,stimuli/fractals/51b.jpg,stimuli/fractals/51a.jpg,stimuli/fractals/51c.jpg,225,-225,225,-75,75,-225,-375,75
111,112.0,5000.0,2.0,OLP,2.0,0.0,stimuli/fractals/14b.jpg,225.0,75.0,stimuli/fractals/14c.jpg,stimuli/fractals/14b.jpg,stimuli/fractals/14a.jpg,225,75,375,75,225,225,-375,225
112,113.0,1000.0,2.0,OLP,2.0,0.0,stimuli/fractals/30b.jpg,375.0,-75.0,stimuli/fractals/30c.jpg,stimuli/fractals/30b.jpg,stimuli/fractals/30a.jpg,375,-75,225,-75,375,-225,-375,225
113,114.0,1000.0,2.0,LLP,2.0,0.0,stimuli/fractals/96a.jpg,-375.0,75.0,stimuli/fractals/96a.jpg,stimuli/fractals/96c.jpg,stimuli/fractals/96b.jpg,-375,-75,-375,75,-225,-75,225,225
114,115.0,2000.0,2.0,ERP,2.0,0.0,stimuli/fractals/82a.jpg,-75.0,-75.0,stimuli/fractals/82a.jpg,stimuli/fractals/82b.jpg,stimuli/fractals/82c.jpg,-75,-75,-225,-75,-75,-225,375,225
115,116.0,5000.0,2.0,ERP,1.0,3.0,stimuli/fractals/143c.jpg,-375.0,-75.0,stimuli/fractals/143c.jpg,stimuli/fractals/143b.jpg,stimuli/fractals/143a.jpg,-375,-75,-225,-75,-375,75,375,-225
116,117.0,6000.0,2.0,LLP,1.0,1.0,stimuli/fractals/118a.jpg,-225.0,-225.0,stimuli/fractals/118a.jpg,stimuli/fractals/118c.jpg,stimuli/fractals/118b.jpg,-225,-225,-75,-225,-225,-75,375,-75
117,118.0,2000.0,2.0,LLP,1.0,3.0,stimuli/fractals/110b.jpg,225.0,-225.0,stimuli/fractals/110b.jpg,stimuli/fractals/110c.jpg,stimuli/fractals/110a.jpg,225,-225,75,-225,225,-75,-375,75
118,119.0,500.0,2.0,LLP,2.0,0.0,stimuli/fractals/118a.jpg,-75.0,-225.0,stimuli/fractals/118a.jpg,stimuli/fractals/118c.jpg,stimuli/fractals/118b.jpg,-225,-225,-75,-225,-225,-75,375,-75
119,120.0,1000.0,2.0,ERP,2.0,0.0,stimuli/fractals/143c.jpg,-375.0,-75.0,stimuli/fractals/143c.jpg,stimuli/fractals/143b.jpg,stimuli/fractals/143a.jpg,-375,-75,-225,-75,-375,75,375,-225
120,121.0,3000.0,2.0,LLP,1.0,2.0,stimuli/fractals/53a.jpg,-75.0,225.0,stimuli/fractals/53a.jpg,stimuli/fractals/53c.jpg,stimuli/fractals/53b.jpg,-75,225,-75,75,75,225,375,-225
121,122.0,1000.0,2.0,LLP,2.0,0.0,stimuli/fractals/110b.jpg,75.0,-225.0,stimuli/fractals/110b.jpg,stimuli/fractals/110c.jpg,stimuli/fractals/110a.jpg,225,-225,75,-225,225,-75,-375,75
122,123.0,2000.0,2.0,ERP,1.0,1.0,stimuli/fractals/67b.jpg,225.0,225.0,stimuli/fractals/67b.jpg,stimuli/fractals/67a.jpg,stimuli/fractals/67c.jpg,225,225,75,225,225,75,-375,-225
123,124.0,2000.0,2.0,LLP,2.0,0.0,stimuli/fractals/53a.jpg,-75.0,75.0,stimuli/fractals/53a.jpg,stimuli/fractals/53c.jpg,stimuli/fractals/53b.jpg,-75,225,-75,75,75,225,375,-225
124,125.0,1000.0,2.0,ERP,2.0,0.0,stimuli/fractals/67b.jpg,225.0,225.0,stimuli/fractals/67b.jpg,stimuli/fractals/67a.jpg,stimuli/fractals/67c.jpg,225,225,75,225,225,75,-375,-225
125,126.0,1000.0,2.0,BL,0.0,0.0,stimuli/fractals/124c.jpg,75.0,225.0,stimuli/fractals/124c.jpg,stimuli/fractals/124a.jpg,stimuli/fractals/124b.jpg,75,225,-75,225,75,75,-375,-225
126,127.0,500.0,2.0,ERP,1.0,1.0,stimuli/fractals/18a.jpg,-225.0,225.0,stimuli/fractals/18a.jpg,stimuli/fractals/18b.jpg,stimuli/fractals/18c.jpg,-225,225,-75,225,-375,225,225,-75
127,128.0,3000.0,2.0,OLP,1.0,3.0,stimuli/fractals/131b.jpg,375.0,75.0,stimuli/fractals/131b.jpg,stimuli/fractals/131c.jpg,stimuli/fractals/131a.jpg,375,75,375,-75,375,225,-225,-225
128,129.0,2000.0,2.0,ERP,2.0,0.0,stimuli/fractals/18a.jpg,-225.0,225.0,stimuli/fractals/18a.jpg,stimuli/fractals/18b.jpg,stimuli/fractals/18c.jpg,-225,225,-75,225,-375,225,225,-75
129,130.0,2000.0,2.0,LLP,1.0,2.0,stimuli/fractals/52a.jpg,-75.0,75.0,stimuli/fractals/52a.jpg,stimuli/fractals/52c.jpg,stimuli/fractals/52b.jpg,-75,75,75,75,-75,-75,375,-225
130,131.0,1000.0,2.0,LLP,1.0,3.0,stimuli/fractals/19a.jpg,-375.0,75.0,stimuli/fractals/19a.jpg,stimuli/fractals/19c.jpg,stimuli/fractals/19b.jpg,-375,75,-375,-75,-375,225,375,-225
131,132.0,1000.0,2.0,OLP,2.0,0.0,stimuli/fractals/131c.jpg,375.0,75.0,stimuli/fractals/131b.jpg,stimuli/fractals/131c.jpg,stimuli/fractals/131a.jpg,375,75,375,-75,375,225,-225,-225
132,133.0,1000.0,2.0,LLP,2.0,0.0,stimuli/fractals/52a.jpg,75.0,75.0,stimuli/fractals/52a.jpg,stimuli/fractals/52c.jpg,stimuli/fractals/52b.jpg,-75,75,75,75,-75,-75,375,-225
133,134.0,3000.0,2.0,ERP,1.0,1.0,stimuli/fractals/58c.jpg,375.0,-75.0,stimuli/fractals/58c.jpg,stimuli/fractals/58b.jpg,stimuli/fractals/58a.jpg,375,-75,375,-225,375,75,-375,-225
134,135.0,1000.0,2.0,LLP,2.0,0.0,stimuli/fractals/19a.jpg,-375.0,-75.0,stimuli/fractals/19a.jpg,stimuli/fractals/19c.jpg,stimuli/fractals/19b.jpg,-375,75,-375,-75,-375,225,375,-225
135,136.0,3000.0,2.0,ERP,2.0,0.0,stimuli/fractals/58c.jpg,375.0,-75.0,stimuli/fractals/58c.jpg,stimuli/fractals/58b.jpg,stimuli/fractals/58a.jpg,375,-75,375,-225,375,75,-375,-225
136,137.0,2000.0,2.0,ERP,1.0,5.0,stimuli/fractals/36b.jpg,75.0,225.0,stimuli/fractals/36b.jpg,stimuli/fractals/36c.jpg,stimuli/fractals/36a.jpg,75,225,225,225,-75,225,-375,-225
137,138.0,1000.0,2.0,LLP,1.0,5.0,stimuli/fractals/72b.jpg,375.0,225.0,stimuli/fractals/72b.jpg,stimuli/fractals/72a.jpg,stimuli/fractals/72c.jpg,375,225,225,225,375,75,-375,-225
138,139.0,2000.0,2.0,LLP,1.0,2.0,stimuli/fractals/101b.jpg,-225.0,-75.0,stimuli/fractals/101b.jpg,stimuli/fractals/101a.jpg,stimuli/fractals/101c.jpg,-225,-75,-75,-75,-225,-225,375,75
139,140.0,4000.0,2.0,OLP,1.0,4.0,stimuli/fractals/57a.jpg,-375.0,225.0,stimuli/fractals/57a.jpg,stimuli/fractals/57c.jpg,stimuli/fractals/57b.jpg,-375,225,-375,75,-225,225,-75,-225
140,141.0,1000.0,2.0,LLP,1.0,4.0,stimuli/fractals/12a.jpg,225.0,225.0,stimuli/fractals/12a.jpg,stimuli/fractals/12c.jpg,stimuli/fractals/12b.jpg,225,225,375,225,225,75,-225,-75
141,142.0,3000.0,2.0,LLP,2.0,0.0,stimuli/fractals/101b.jpg,-75.0,-75.0,stimuli/fractals/101b.jpg,stimuli/fractals/101a.jpg,stimuli/fractals/101c.jpg,-225,-75,-75,-75,-225,-225,375,75
142,143.0,2000.0,2.0,ERP,2.0,0.0,stimuli/fractals/36b.jpg,75.0,225.0,stimuli/fractals/36b.jpg,stimuli/fractals/36c.jpg,stimuli/fractals/36a.jpg,75,225,225,225,-75,225,-375,-225
143,144.0,2000.0,2.0,LLP,2.0,0.0,stimuli/fractals/72b.jpg,225.0,225.0,stimuli/fractals/72b.jpg,stimuli/fractals/72a.jpg,stimuli/fractals/72c.jpg,375,225,225,225,375,75,-375,-225
144,145.0,3000.0,2.0,OLP,2.0,0.0,stimuli/fractals/57c.jpg,-375.0,225.0,stimuli/fractals/57a.jpg,stimuli/fractals/57c.jpg,stimuli/fractals/57b.jpg,-375,225,-375,75,-225,225,-75,-225
145,146.0,500.0,2.0,LLP,2.0,0.0,stimuli/fractals/12a.jpg,375.0,225.0,stimuli/fractals/12a.jpg,stimuli/fractals/12c.jpg,stimuli/fractals/12b.jpg,225,225,375,225,225,75,-225,-75
146,147.0,3000.0,2.0,BL,0.0,0.0,stimuli/fractals/124c.jpg,-375.0,75.0,stimuli/fractals/124c.jpg,stimuli/fractals/124a.jpg,stimuli/fractals/124b.jpg,-375,75,-225,75,-375,-75,375,-75
147,148.0,1000.0,2.0,LLP,1.0,3.0,stimuli/fractals/114b.jpg,75.0,75.0,stimuli/fractals/114b.jpg,stimuli/fractals/114c.jpg,stimuli/fractals/114a.jpg,75,75,75,225,225,75,-375,-225
148,149.0,500.0,2.0,OLP,1.0,1.0,stimuli/fractals/65a.jpg,-375.0,-225.0,stimuli/fractals/65a.jpg,stimuli/fractals/65b.jpg,stimuli/fractals/65c.jpg,-375,-225,-375,-75,-225,-225,375,225
149,150.0,1000.0,2.0,ERP,1.0,2.0,stimuli/fractals/1a.jpg,225.0,-75.0,stimuli/fractals/1a.jpg,stimuli/fractals/1c.jpg,stimuli/fractals/1b.jpg,225,-75,225,75,75,-75,-375,-225
150,151.0,2000.0,2.0,OLP,2.0,0.0,stimuli/fractals/65b.jpg,-375.0,-225.0,stimuli/fractals/65a.jpg,stimuli/fractals/65b.jpg,stimuli/fractals/65c.jpg,-375,-225,-375,-75,-225,-225,375,225
151,152.0,1000.0,2.0,LLP,2.0,0.0,stimuli/fractals/114b.jpg,75.0,225.0,stimuli/fractals/114b.jpg,stimuli/fractals/114c.jpg,stimuli/fractals/114a.jpg,75,75,75,225,225,75,-375,-225
152,153.0,4000.0,2.0,ERP,2.0,0.0,stimuli/fractals/1a.jpg,225.0,-75.0,stimuli/fractals/1a.jpg,stimuli/fractals/1c.jpg,stimuli/fractals/1b.jpg,225,-75,225,75,75,-75,-375,-225
153,154.0,1000.0,2.0,LLP,1.0,3.0,stimuli/fractals/70c.jpg,-375.0,-75.0,stimuli/fractals/70c.jpg,stimuli/fractals/70b.jpg,stimuli/fractals/70a.jpg,-375,-75,-375,-225,-375,75,225,-225
154,155.0,3000.0,2.0,ERP,1.0,1.0,stimuli/fractals/46a.jpg,75.0,75.0,stimuli/fractals/46a.jpg,stimuli/fractals/46c.jpg,stimuli/fractals/46b.jpg,75,75,75,-75,75,225,-375,-225
155,156.0,6000.0,2.0,LLP,1.0,5.0,stimuli/fractals/11a.jpg,-375.0,-75.0,stimuli/fractals/11a.jpg,stimuli/fractals/11c.jpg,stimuli/fractals/11b.jpg,-375,-75,-375,75,-375,-225,375,-225
156,157.0,4000.0,2.0,ERP,2.0,0.0,stimuli/fractals/46a.jpg,75.0,75.0,stimuli/fractals/46a.jpg,stimuli/fractals/46c.jpg,stimuli/fractals/46b.jpg,75,75,75,-75,75,225,-375,-225
157,158.0,6000.0,2.0,LLP,2.0,0.0,stimuli/fractals/70c.jpg,-375.0,-225.0,stimuli/fractals/70c.jpg,stimuli/fractals/70b.jpg,stimuli/fractals/70a.jpg,-375,-75,-375,-225,-375,75,225,-225
158,159.0,1000.0,2.0,ERP,1.0,4.0,stimuli/fractals/15c.jpg,225.0,225.0,stimuli/fractals/15c.jpg,stimuli/fractals/15b.jpg,stimuli/fractals/15a.jpg,225,225,225,75,75,225,-225,-225
159,160.0,500.0,2.0,OLP,1.0,4.0,stimuli/fractals/78a.jpg,225.0,-75.0,stimuli/fractals/78a.jpg,stimuli/fractals/78b.jpg,stimuli/fractals/78c.jpg,225,-75,225,-225,375,-75,-375,225
160,161.0,1000.0,2.0,ERP,1.0,5.0,stimuli/fractals/122a.jpg,75.0,75.0,stimuli/fractals/122a.jpg,stimuli/fractals/122b.jpg,stimuli/fractals/122c.jpg,75,75,225,75,75,225,-375,-225
161,162.0,3000.0,2.0,LLP,2.0,0.0,stimuli/fractals/11a.jpg,-375.0,75.0,stimuli/fractals/11a.jpg,stimuli/fractals/11c.jpg,stimuli/fractals/11b.jpg,-375,-75,-375,75,-375,-225,375,-225
162,163.0,2000.0,2.0,OLP,1.0,2.0,stimuli/fractals/97a.jpg,-225.0,75.0,stimuli/fractals/97a.jpg,stimuli/fractals/97c.jpg,stimuli/fractals/97b.jpg,-225,75,-225,-75,-375,75,375,225
163,164.0,500.0,2.0,ERP,2.0,0.0,stimuli/fractals/15c.jpg,225.0,225.0,stimuli/fractals/15c.jpg,stimuli/fractals/15b.jpg,stimuli/fractals/15a.jpg,225,225,225,75,75,225,-225,-225
164,165.0,1000.0,2.0,OLP,2.0,0.0,stimuli/fractals/78b.jpg,225.0,-75.0,stimuli/fractals/78a.jpg,stimuli/fractals/78b.jpg,stimuli/fractals/78c.jpg,225,-75,225,-225,375,-75,-375,225
165,166.0,5000.0,2.0,OLP,2.0,0.0,stimuli/fractals/97c.jpg,-225.0,75.0,stimuli/fractals/97a.jpg,stimuli/fractals/97c.jpg,stimuli/fractals/97b.jpg,-225,75,-225,-75,-375,75,375,225
166,167.0,3000.0,2.0,ERP,2.0,0.0,stimuli/fractals/122a.jpg,75.0,75.0,stimuli/fractals/122a.jpg,stimuli/fractals/122b.jpg,stimuli/fractals/122c.jpg,75,75,225,75,75,225,-375,-225
167,168.0,3000.0,2.0,BL,0.0,0.0,stimuli/fractals/124c.jpg,225.0,-75.0,stimuli/fractals/124c.jpg,stimuli/fractals/124a.jpg,stimuli/fractals/124b.jpg,225,-75,225,75,75,-75,-375,225
168,169.0,1000.0,3.0,LLP,1.0,1.0,stimuli/fractals/2a.jpg,-75.0,-225.0,stimuli/fractals/2a.jpg,stimuli/fractals/2c.jpg,stimuli/fractals/2b.jpg,-75,-225,75,-225,-75,-75,375,75
169,170.0,4000.0,3.0,LLP,1.0,4.0,stimuli/fractals/134b.jpg,375.0,75.0,stimuli/fractals/134b.jpg,stimuli/fractals/134c.jpg,stimuli/fractals/134a.jpg,375,75,225,75,375,-75,-375,-75
170,171.0,5000.0,3.0,LLP,2.0,0.0,stimuli/fractals/2a.jpg,75.0,-225.0,stimuli/fractals/2a.jpg,stimuli/fractals/2c.jpg,stimuli/fractals/2b.jpg,-75,-225,75,-225,-75,-75,375,75
171,172.0,3000.0,3.0,LLP,1.0,3.0,stimuli/fractals/31c.jpg,-375.0,225.0,stimuli/fractals/31c.jpg,stimuli/fractals/31a.jpg,stimuli/fractals/31b.jpg,-375,225,-225,225,-375,75,375,-225
172,173.0,1000.0,3.0,LLP,1.0,3.0,stimuli/fractals/91c.jpg,-75.0,225.0,stimuli/fractals/91c.jpg,stimuli/fractals/91a.jpg,stimuli/fractals/91b.jpg,-75,225,-75,75,-225,225,375,-75
173,174.0,4000.0,3.0,ERP,1.0,4.0,stimuli/fractals/79b.jpg,-375.0,75.0,stimuli/fractals/79b.jpg,stimuli/fractals/79c.jpg,stimuli/fractals/79a.jpg,-375,75,-375,225,-375,-75,375,225
174,175.0,2000.0,3.0,LLP,2.0,0.0,stimuli/fractals/134b.jpg,225.0,75.0,stimuli/fractals/134b.jpg,stimuli/fractals/134c.jpg,stimuli/fractals/134a.jpg,375,75,225,75,375,-75,-375,-75
175,176.0,500.0,3.0,LLP,2.0,0.0,stimuli/fractals/31c.jpg,-225.0,225.0,stimuli/fractals/31c.jpg,stimuli/fractals/31a.jpg,stimuli/fractals/31b.jpg,-375,225,-225,225,-375,75,375,-225
176,177.0,1000.0,3.0,LLP,2.0,0.0,stimuli/fractals/91c.jpg,-75.0,75.0,stimuli/fractals/91c.jpg,stimuli/fractals/91a.jpg,stimuli/fractals/91b.jpg,-75,225,-75,75,-225,225,375,-75
177,178.0,2000.0,3.0,LLP,1.0,5.0,stimuli/fractals/99b.jpg,225.0,225.0,stimuli/fractals/99b.jpg,stimuli/fractals/99a.jpg,stimuli/fractals/99c.jpg,225,225,375,225,225,75,-375,-225
178,179.0,8000.0,3.0,ERP,2.0,0.0,stimuli/fractals/79b.jpg,-375.0,75.0,stimuli/fractals/79b.jpg,stimuli/fractals/79c.jpg,stimuli/fractals/79a.jpg,-375,75,-375,225,-375,-75,375,225
179,180.0,4000.0,3.0,LLP,1.0,1.0,stimuli/fractals/113a.jpg,375.0,75.0,stimuli/fractals/113a.jpg,stimuli/fractals/113c.jpg,stimuli/fractals/113b.jpg,375,75,375,-75,375,225,-375,-225
180,181.0,7000.0,3.0,LLP,1.0,5.0,stimuli/fractals/88c.jpg,-225.0,225.0,stimuli/fractals/88c.jpg,stimuli/fractals/88a.jpg,stimuli/fractals/88b.jpg,-225,225,-375,225,-225,75,375,-225
181,182.0,3000.0,3.0,LLP,2.0,0.0,stimuli/fractals/113a.jpg,375.0,-75.0,stimuli/fractals/113a.jpg,stimuli/fractals/113c.jpg,stimuli/fractals/113b.jpg,375,75,375,-75,375,225,-375,-225
182,183.0,6000.0,3.0,OLP,1.0,2.0,stimuli/fractals/102a.jpg,-375.0,75.0,stimuli/fractals/102a.jpg,stimuli/fractals/102c.jpg,stimuli/fractals/102b.jpg,-375,75,-375,-75,-375,225,375,-225
183,184.0,1000.0,3.0,LLP,2.0,0.0,stimuli/fractals/99b.jpg,375.0,225.0,stimuli/fractals/99b.jpg,stimuli/fractals/99a.jpg,stimuli/fractals/99c.jpg,225,225,375,225,225,75,-375,-225
184,185.0,6000.0,3.0,LLP,1.0,2.0,stimuli/fractals/27c.jpg,225.0,75.0,stimuli/fractals/27c.jpg,stimuli/fractals/27a.jpg,stimuli/fractals/27b.jpg,225,75,375,75,75,75,-375,225
185,186.0,500.0,3.0,OLP,2.0,0.0,stimuli/fractals/102c.jpg,-375.0,75.0,stimuli/fractals/102a.jpg,stimuli/fractals/102c.jpg,stimuli/fractals/102b.jpg,-375,75,-375,-75,-375,225,375,-225
186,187.0,1000.0,3.0,LLP,2.0,0.0,stimuli/fractals/88c.jpg,-375.0,225.0,stimuli/fractals/88c.jpg,stimuli/fractals/88a.jpg,stimuli/fractals/88b.jpg,-225,225,-375,225,-225,75,375,-225
187,188.0,5000.0,3.0,LLP,2.0,0.0,stimuli/fractals/27c.jpg,375.0,75.0,stimuli/fractals/27c.jpg,stimuli/fractals/27a.jpg,stimuli/fractals/27b.jpg,225,75,375,75,75,75,-375,225
188,189.0,5000.0,3.0,BL,0.0,0.0,stimuli/fractals/124c.jpg,375.0,75.0,stimuli/fractals/124c.jpg,stimuli/fractals/124a.jpg,stimuli/fractals/124b.jpg,375,75,375,-75,225,75,-375,-225
189,190.0,500.0,3.0,OLP,1.0,2.0,stimuli/fractals/121a.jpg,-225.0,75.0,stimuli/fractals/121a.jpg,stimuli/fractals/121b.jpg,stimuli/fractals/121c.jpg,-225,75,-225,225,-375,75,375,225
190,191.0,1000.0,3.0,ERP,1.0,5.0,stimuli/fractals/104c.jpg,-375.0,75.0,stimuli/fractals/104c.jpg,stimuli/fractals/104a.jpg,stimuli/fractals/104b.jpg,-375,75,-225,75,-375,225,375,75
191,192.0,1000.0,3.0,LLP,1.0,5.0,stimuli/fractals/128c.jpg,225.0,-225.0,stimuli/fractals/128c.jpg,stimuli/fractals/128b.jpg,stimuli/fractals/128a.jpg,225,-225,375,-225,75,-225,-375,225
192,193.0,1000.0,3.0,OLP,2.0,0.0,stimuli/fractals/121b.jpg,-225.0,75.0,stimuli/fractals/121a.jpg,stimuli/fractals/121b.jpg,stimuli/fractals/121c.jpg,-225,75,-225,225,-375,75,375,225
193,194.0,2000.0,3.0,OLP,1.0,1.0,stimuli/fractals/47b.jpg,225.0,-225.0,stimuli/fractals/47b.jpg,stimuli/fractals/47c.jpg,stimuli/fractals/47a.jpg,225,-225,75,-225,225,-75,-375,-75
194,195.0,1000.0,3.0,OLP,1.0,4.0,stimuli/fractals/137c.jpg,225.0,-75.0,stimuli/fractals/137c.jpg,stimuli/fractals/137a.jpg,stimuli/fractals/137b.jpg,225,-75,75,-75,225,-225,-375,225
195,196.0,4000.0,3.0,OLP,2.0,0.0,stimuli/fractals/47c.jpg,225.0,-225.0,stimuli/fractals/47b.jpg,stimuli/fractals/47c.jpg,stimuli/fractals/47a.jpg,225,-225,75,-225,225,-75,-375,-75
196,197.0,500.0,3.0,ERP,2.0,0.0,stimuli/fractals/104c.jpg,-375.0,75.0,stimuli/fractals/104c.jpg,stimuli/fractals/104a.jpg,stimuli/fractals/104b.jpg,-375,75,-225,75,-375,225,375,75
197,198.0,2000.0,3.0,LLP,2.0,0.0,stimuli/fractals/128c.jpg,375.0,-225.0,stimuli/fractals/128c.jpg,stimuli/fractals/128b.jpg,stimuli/fractals/128a.jpg,225,-225,375,-225,75,-225,-375,225
198,199.0,2000.0,3.0,OLP,1.0,2.0,stimuli/fractals/28b.jpg,-225.0,-75.0,stimuli/fractals/28b.jpg,stimuli/fractals/28c.jpg,stimuli/fractals/28a.jpg,-225,-75,-75,-75,-225,-225,225,225
199,200.0,1000.0,3.0,OLP,2.0,0.0,stimuli/fractals/137a.jpg,225.0,-75.0,stimuli/fractals/137c.jpg,stimuli/fractals/137a.jpg,stimuli/fractals/137b.jpg,225,-75,75,-75,225,-225,-375,225
200,201.0,4000.0,3.0,ERP,1.0,3.0,stimuli/fractals/95a.jpg,-75.0,75.0,stimuli/fractals/95a.jpg,stimuli/fractals/95b.jpg,stimuli/fractals/95c.jpg,-75,75,-225,75,75,75,375,-225
201,202.0,2000.0,3.0,OLP,2.0,0.0,stimuli/fractals/28c.jpg,-225.0,-75.0,stimuli/fractals/28b.jpg,stimuli/fractals/28c.jpg,stimuli/fractals/28a.jpg,-225,-75,-75,-75,-225,-225,225,225
202,203.0,1000.0,3.0,ERP,1.0,3.0,stimuli/fractals/81b.jpg,-75.0,-75.0,stimuli/fractals/81b.jpg,stimuli/fractals/81a.jpg,stimuli/fractals/81c.jpg,-75,-75,-225,-75,-75,-225,375,225
203,204.0,2000.0,3.0,OLP,1.0,4.0,stimuli/fractals/74b.jpg,75.0,75.0,stimuli/fractals/74b.jpg,stimuli/fractals/74a.jpg,stimuli/fractals/74c.jpg,75,75,225,75,75,-75,-375,-225
204,205.0,2000.0,3.0,ERP,2.0,0.0,stimuli/fractals/95a.jpg,-75.0,75.0,stimuli/fractals/95a.jpg,stimuli/fractals/95b.jpg,stimuli/fractals/95c.jpg,-75,75,-225,75,75,75,375,-225
205,206.0,7000.0,3.0,LLP,1.0,1.0,stimuli/fractals/9c.jpg,75.0,-225.0,stimuli/fractals/9c.jpg,stimuli/fractals/9a.jpg,stimuli/fractals/9b.jpg,75,-225,225,-225,75,-75,-375,225
206,207.0,6000.0,3.0,ERP,2.0,0.0,stimuli/fractals/81b.jpg,-75.0,-75.0,stimuli/fractals/81b.jpg,stimuli/fractals/81a.jpg,stimuli/fractals/81c.jpg,-75,-75,-225,-75,-75,-225,375,225
207,208.0,2000.0,3.0,LLP,2.0,0.0,stimuli/fractals/9c.jpg,225.0,-225.0,stimuli/fractals/9c.jpg,stimuli/fractals/9a.jpg,stimuli/fractals/9b.jpg,75,-225,225,-225,75,-75,-375,225
208,209.0,6000.0,3.0,OLP,2.0,0.0,stimuli/fractals/74a.jpg,75.0,75.0,stimuli/fractals/74b.jpg,stimuli/fractals/74a.jpg,stimuli/fractals/74c.jpg,75,75,225,75,75,-75,-375,-225
209,210.0,3000.0,3.0,BL,0.0,0.0,stimuli/fractals/124c.jpg,-225.0,-225.0,stimuli/fractals/124c.jpg,stimuli/fractals/124a.jpg,stimuli/fractals/124b.jpg,-225,-225,-375,-225,-75,-225,225,225
210,211.0,1000.0,3.0,ERP,1.0,2.0,stimuli/fractals/6b.jpg,-375.0,-225.0,stimuli/fractals/6b.jpg,stimuli/fractals/6c.jpg,stimuli/fractals/6a.jpg,-375,-225,-225,-225,-375,-75,375,75
211,212.0,2000.0,3.0,OLP,1.0,2.0,stimuli/fractals/16b.jpg,-375.0,225.0,stimuli/fractals/16b.jpg,stimuli/fractals/16a.jpg,stimuli/fractals/16c.jpg,-375,225,-225,225,-375,75,225,-75
212,213.0,2000.0,3.0,OLP,1.0,3.0,stimuli/fractals/109a.jpg,75.0,225.0,stimuli/fractals/109a.jpg,stimuli/fractals/109b.jpg,stimuli/fractals/109c.jpg,75,225,75,75,225,225,-375,-225
213,214.0,1000.0,3.0,ERP,2.0,0.0,stimuli/fractals/6b.jpg,-375.0,-225.0,stimuli/fractals/6b.jpg,stimuli/fractals/6c.jpg,stimuli/fractals/6a.jpg,-375,-225,-225,-225,-375,-75,375,75
214,215.0,1000.0,3.0,OLP,2.0,0.0,stimuli/fractals/16a.jpg,-375.0,225.0,stimuli/fractals/16b.jpg,stimuli/fractals/16a.jpg,stimuli/fractals/16c.jpg,-375,225,-225,225,-375,75,225,-75
215,216.0,5000.0,3.0,ERP,1.0,3.0,stimuli/fractals/45b.jpg,-225.0,-75.0,stimuli/fractals/45b.jpg,stimuli/fractals/45a.jpg,stimuli/fractals/45c.jpg,-225,-75,-225,-225,-75,-75,225,225
216,217.0,500.0,3.0,OLP,2.0,0.0,stimuli/fractals/109b.jpg,75.0,225.0,stimuli/fractals/109a.jpg,stimuli/fractals/109b.jpg,stimuli/fractals/109c.jpg,75,225,75,75,225,225,-375,-225
217,218.0,1000.0,3.0,ERP,1.0,5.0,stimuli/fractals/22b.jpg,375.0,-225.0,stimuli/fractals/22b.jpg,stimuli/fractals/22a.jpg,stimuli/fractals/22c.jpg,375,-225,375,-75,225,-225,-375,225
218,219.0,4000.0,3.0,OLP,1.0,1.0,stimuli/fractals/20c.jpg,-225.0,225.0,stimuli/fractals/20c.jpg,stimuli/fractals/20a.jpg,stimuli/fractals/20b.jpg,-225,225,-75,225,-375,225,375,-75
219,220.0,1000.0,3.0,ERP,2.0,0.0,stimuli/fractals/45b.jpg,-225.0,-75.0,stimuli/fractals/45b.jpg,stimuli/fractals/45a.jpg,stimuli/fractals/45c.jpg,-225,-75,-225,-225,-75,-75,225,225
220,221.0,3000.0,3.0,OLP,2.0,0.0,stimuli/fractals/20a.jpg,-225.0,225.0,stimuli/fractals/20c.jpg,stimuli/fractals/20a.jpg,stimuli/fractals/20b.jpg,-225,225,-75,225,-375,225,375,-75
221,222.0,1000.0,3.0,OLP,1.0,4.0,stimuli/fractals/32a.jpg,-75.0,-225.0,stimuli/fractals/32a.jpg,stimuli/fractals/32b.jpg,stimuli/fractals/32c.jpg,-75,-225,75,-225,-225,-225,-375,225
222,223.0,2000.0,3.0,ERP,1.0,5.0,stimuli/fractals/61a.jpg,-75.0,-225.0,stimuli/fractals/61a.jpg,stimuli/fractals/61c.jpg,stimuli/fractals/61b.jpg,-75,-225,-225,-225,-75,-75,-375,225
223,224.0,3000.0,3.0,ERP,2.0,0.0,stimuli/fractals/22b.jpg,375.0,-225.0,stimuli/fractals/22b.jpg,stimuli/fractals/22a.jpg,stimuli/fractals/22c.jpg,375,-225,375,-75,225,-225,-375,225
224,225.0,2000.0,3.0,OLP,1.0,4.0,stimuli/fractals/111c.jpg,-75.0,225.0,stimuli/fractals/111c.jpg,stimuli/fractals/111b.jpg,stimuli/fractals/111a.jpg,-75,225,-225,225,-75,75,-375,-225
225,226.0,2000.0,3.0,OLP,1.0,1.0,stimuli/fractals/86b.jpg,375.0,225.0,stimuli/fractals/86b.jpg,stimuli/fractals/86a.jpg,stimuli/fractals/86c.jpg,375,225,225,225,375,75,-375,225
226,227.0,3000.0,3.0,OLP,2.0,0.0,stimuli/fractals/32b.jpg,-75.0,-225.0,stimuli/fractals/32a.jpg,stimuli/fractals/32b.jpg,stimuli/fractals/32c.jpg,-75,-225,75,-225,-225,-225,-375,225
227,228.0,4000.0,3.0,OLP,2.0,0.0,stimuli/fractals/86a.jpg,375.0,225.0,stimuli/fractals/86b.jpg,stimuli/fractals/86a.jpg,stimuli/fractals/86c.jpg,375,225,225,225,375,75,-375,225
228,229.0,5000.0,3.0,ERP,2.0,0.0,stimuli/fractals/61a.jpg,-75.0,-225.0,stimuli/fractals/61a.jpg,stimuli/fractals/61c.jpg,stimuli/fractals/61b.jpg,-75,-225,-225,-225,-75,-75,-375,225
229,230.0,3000.0,3.0,OLP,2.0,0.0,stimuli/fractals/111b.jpg,-75.0,225.0,stimuli/fractals/111c.jpg,stimuli/fractals/111b.jpg,stimuli/fractals/111a.jpg,-75,225,-225,225,-75,75,-375,-225
230,231.0,500.0,3.0,BL,0.0,0.0,stimuli/fractals/124c.jpg,-75.0,225.0,stimuli/fractals/124c.jpg,stimuli/fractals/124a.jpg,stimuli/fractals/124b.jpg,-75,225,-225,225,75,225,225,-225
231,232.0,7000.0,3.0,ERP,1.0,4.0,stimuli/fractals/80c.jpg,75.0,-75.0,stimuli/fractals/80c.jpg,stimuli/fractals/80a.jpg,stimuli/fractals/80b.jpg,75,-75,75,-225,75,75,-375,225
232,233.0,1000.0,3.0,OLP,1.0,4.0,stimuli/fractals/21c.jpg,-375.0,225.0,stimuli/fractals/21c.jpg,stimuli/fractals/21a.jpg,stimuli/fractals/21b.jpg,-375,225,-375,75,-225,225,225,-75
233,234.0,2000.0,3.0,ERP,1.0,5.0,stimuli/fractals/120b.jpg,225.0,-225.0,stimuli/fractals/120b.jpg,stimuli/fractals/120a.jpg,stimuli/fractals/120c.jpg,225,-225,75,-225,375,-225,-375,-75
234,235.0,1000.0,3.0,LLP,1.0,5.0,stimuli/fractals/37a.jpg,375.0,75.0,stimuli/fractals/37a.jpg,stimuli/fractals/37b.jpg,stimuli/fractals/37c.jpg,375,75,375,-75,225,75,-225,225
235,236.0,2000.0,3.0,ERP,1.0,2.0,stimuli/fractals/142c.jpg,-225.0,75.0,stimuli/fractals/142c.jpg,stimuli/fractals/142a.jpg,stimuli/fractals/142b.jpg,-225,75,-225,-75,-225,225,375,-225
236,237.0,3000.0,3.0,ERP,2.0,0.0,stimuli/fractals/80c.jpg,75.0,-75.0,stimuli/fractals/80c.jpg,stimuli/fractals/80a.jpg,stimuli/fractals/80b.jpg,75,-75,75,-225,75,75,-375,225
237,238.0,1000.0,3.0,OLP,2.0,0.0,stimuli/fractals/21a.jpg,-375.0,225.0,stimuli/fractals/21c.jpg,stimuli/fractals/21a.jpg,stimuli/fractals/21b.jpg,-375,225,-375,75,-225,225,225,-75
238,239.0,3000.0,3.0,ERP,2.0,0.0,stimuli/fractals/142c.jpg,-225.0,75.0,stimuli/fractals/142c.jpg,stimuli/fractals/142a.jpg,stimuli/fractals/142b.jpg,-225,75,-225,-75,-225,225,375,-225
239,240.0,1000.0,3.0,ERP,2.0,0.0,stimuli/fractals/120b.jpg,225.0,-225.0,stimuli/fractals/120b.jpg,stimuli/fractals/120a.jpg,stimuli/fractals/120c.jpg,225,-225,75,-225,375,-225,-375,-75
240,241.0,2000.0,3.0,LLP,2.0,0.0,stimuli/fractals/37a.jpg,375.0,-75.0,stimuli/fractals/37a.jpg,stimuli/fractals/37b.jpg,stimuli/fractals/37c.jpg,375,75,375,-75,225,75,-225,225
241,242.0,1000.0,3.0,LLP,1.0,3.0,stimuli/fractals/25c.jpg,-225.0,75.0,stimuli/fractals/25c.jpg,stimuli/fractals/25a.jpg,stimuli/fractals/25b.jpg,-225,75,-375,75,-75,75,225,-225
242,243.0,2000.0,3.0,ERP,1.0,1.0,stimuli/fractals/123c.jpg,75.0,-75.0,stimuli/fractals/123c.jpg,stimuli/fractals/123a.jpg,stimuli/fractals/123b.jpg,75,-75,-75,-75,75,-225,-375,225
243,244.0,7000.0,3.0,LLP,1.0,3.0,stimuli/fractals/125b.jpg,-225.0,-75.0,stimuli/fractals/125b.jpg,stimuli/fractals/125c.jpg,stimuli/fractals/125a.jpg,-225,-75,-225,-225,-225,75,375,225
244,245.0,2000.0,3.0,ERP,2.0,0.0,stimuli/fractals/123c.jpg,75.0,-75.0,stimuli/fractals/123c.jpg,stimuli/fractals/123a.jpg,stimuli/fractals/123b.jpg,75,-75,-75,-75,75,-225,-375,225
245,246.0,1000.0,3.0,LLP,2.0,0.0,stimuli/fractals/25c.jpg,-375.0,75.0,stimuli/fractals/25c.jpg,stimuli/fractals/25a.jpg,stimuli/fractals/25b.jpg,-225,75,-375,75,-75,75,225,-225
246,247.0,8000.0,3.0,ERP,1.0,2.0,stimuli/fractals/130a.jpg,-375.0,-225.0,stimuli/fractals/130a.jpg,stimuli/fractals/130c.jpg,stimuli/fractals/130b.jpg,-375,-225,-375,-75,-225,-225,225,225
247,248.0,3000.0,3.0,LLP,2.0,0.0,stimuli/fractals/125b.jpg,-225.0,-225.0,stimuli/fractals/125b.jpg,stimuli/fractals/125c.jpg,stimuli/fractals/125a.jpg,-225,-75,-225,-225,-225,75,375,225
248,249.0,1000.0,3.0,LLP,1.0,1.0,stimuli/fractals/129b.jpg,225.0,-225.0,stimuli/fractals/129b.jpg,stimuli/fractals/129a.jpg,stimuli/fractals/129c.jpg,225,-225,375,-225,75,-225,-375,225
249,250.0,1000.0,3.0,ERP,2.0,0.0,stimuli/fractals/130a.jpg,-375.0,-225.0,stimuli/fractals/130a.jpg,stimuli/fractals/130c.jpg,stimuli/fractals/130b.jpg,-375,-225,-375,-75,-225,-225,225,225
250,251.0,1000.0,3.0,LLP,2.0,0.0,stimuli/fractals/129b.jpg,375.0,-225.0,stimuli/fractals/129b.jpg,stimuli/fractals/129a.jpg,stimuli/fractals/129c.jpg,225,-225,375,-225,75,-225,-375,225
251,252.0,2000.0,3.0,BL,0.0,0.0,stimuli/fractals/124c.jpg,75.0,75.0,stimuli/fractals/124c.jpg,stimuli/fractals/124a.jpg,stimuli/fractals/124b.jpg,75,75,225,75,-75,75,-375,-225
252,,,,,,,nan,75.0,75.0,nan,nan,nan,75,75,225,75,-75,75,-375,-225
