Task,TrialType,StimType,Order,CurrentImage,CurrentX,CurrentY,Jitter,Section,TrialIndex,ScannerRun,Delay,TripletMemberA,TripletMemberB,TripletMemberC,Xcoordinate,Ycoordinate,Xcoordinate_lure1,Ycoordinate_lure1,Xcoordinate_lure2,Ycoordinate_lure2,Xcoordinate_foil,Ycoordinate_foil,DemoImage,DemoX,DemoY,InPractice,DemoText,BlockNr,Filler,EncodingTrialIndex,EncodingStimType,EncodingImage,EncodingXcoordinate,EncodingYcoordinate,enc_practice_trials.thisRepN,enc_practice_trials.thisTrialN,enc_practice_trials.thisN,enc_practice_trials.thisIndex,enc_runs.thisRepN,enc_runs.thisTrialN,enc_runs.thisN,enc_runs.thisIndex,enc_trials.thisRepN,enc_trials.thisTrialN,enc_trials.thisN,enc_trials.thisIndex,demo_trials.thisRepN,demo_trials.thisTrialN,demo_trials.thisN,demo_trials.thisIndex,rec_practice_blocks.thisRepN,rec_practice_blocks.thisTrialN,rec_practice_blocks.thisN,rec_practice_blocks.thisIndex,rec_practice_trials.thisRepN,rec_practice_trials.thisTrialN,rec_practice_trials.thisN,rec_practice_trials.thisIndex,rec_runs.thisRepN,rec_runs.thisTrialN,rec_runs.thisN,rec_runs.thisIndex,rec_blocks.thisRepN,rec_blocks.thisTrialN,rec_blocks.thisN,rec_blocks.thisIndex,rec_trials.thisRepN,rec_trials.thisTrialN,rec_trials.thisN,rec_trials.thisIndex,experiment_information_text.started,experiment_information_text.stopped,experiment_information_key.keys,experiment_information_key.rt,experiment_information_key.started,experiment_information_key.stopped,experiment_information_continue.started,experiment_information_continue.stopped,data_protection_text.started,data_protection_text.stopped,data_protection_key.keys,data_protection_key.rt,data_protection_key.started,data_protection_key.stopped,data_procetion_continue.started,data_procetion_continue.stopped,consent_text.started,consent_text.stopped,consent_key.keys,consent_key.rt,consent_key.started,consent_key.stopped,consent_continue.started,consent_continue.stopped,lab_thanks.started,lab_thanks.stopped,lab_key.keys,lab_key.rt,lab_key.started,lab_key.stopped,lab_introduction_continue.started,lab_introduction_continue.stopped,start_encoding_text.started,start_encoding_text.stopped,enc_instructions_1_text.started,enc_instructions_1_text.stopped,enc_instructions_1_image.started,enc_instructions_1_image.stopped,enc_instructions_1_key.keys,enc_instructions_1_key.rt,enc_instructions_1_key.started,enc_instructions_1_key.stopped,instructions_1_continue.started,instructions_1_continue.stopped,enc_instructions_2_text.started,enc_instructions_2_text.stopped,enc_instructions_2_image.started,enc_instructions_2_image.stopped,enc_instructions_2_key.keys,enc_instructions_2_key.rt,enc_instructions_2_key.started,enc_instructions_2_key.stopped,instructions_2_continue.started,instructions_2_continue.stopped,enc_instructions_3_text.started,enc_instructions_3_text.stopped,enc_instructions_3_key.keys,enc_instructions_3_key.rt,enc_instructions_3_key.started,enc_instructions_3_key.stopped,enc_instructions_3_continue.started,enc_instructions_3_continue.stopped,start_practice_text.started,start_practice_text.stopped,enc_fx_map.started,enc_fx_map.stopped,enc_fx_cross.started,enc_fx_cross.stopped,enc_fx_key.keys,enc_fx_key.started,enc_fx_key.stopped,enc_trial_map.started,enc_trial_map.stopped,enc_trial_main_image.started,enc_trial_main_image.stopped,enc_trial_key.keys,enc_trial_key.rt,enc_trial_key.started,enc_trial_key.stopped,enc_practice_feedback_map.started,enc_practice_feedback_map.stopped,enc_practice_feedback_image.started,enc_practice_feedback_image.stopped,enc_practice_feedback_text.started,enc_practice_feedback_text.stopped,enc_fx_key.rt,end_practice_text.started,end_practice_text.stopped,end_practice_key.keys,end_practice_key.rt,end_practice_key.started,end_practice_key.stopped,end_practice_continue.started,end_practice_continue.stopped,start_enc_run_text.started,start_enc_run_text.stopped,end_enc_run_text.started,end_enc_run_text.stopped,enc_run_end_key.keys,enc_run_end_key.rt,enc_run_end_key.started,enc_run_end_key.stopped,inter_task_break_continue.started,inter_task_break_continue.stopped,inter_task_break_text.started,inter_task_break_text.stopped,inter_task_break_key.keys,inter_task_break_key.rt,inter_task_break_key.started,inter_task_break_key.stopped,start_recognition_text.started,start_recognition_text.stopped,rec_instructions_1_text.started,rec_instructions_1_text.stopped,rec_instructions_1_key.keys,rec_instructions_1_key.rt,rec_instructions_1_key.started,rec_instructions_1_key.stopped,rec_instructions_1_continue.started,rec_instructions_1_continue.stopped,rec_instructions2_text.started,rec_instructions2_text.stopped,rec_instructions_2_key.keys,rec_instructions_2_key.rt,rec_instructions_2_key.started,rec_instructions_2_key.stopped,rec_instructions_2_continue.started,rec_instructions_2_continue.stopped,rec_instrauction_3_text.started,rec_instrauction_3_text.stopped,rec_instructions_3_key.keys,rec_instructions_3_key.rt,rec_instructions_3_key.started,rec_instructions_3_key.stopped,rec_instructions_3_continue.started,rec_instructions_3_continue.stopped,rec_instructions_4_text.started,rec_instructions_4_text.stopped,rec_instructions_4_key.keys,rec_instructions_4_key.rt,rec_instructions_4_key.started,rec_instructions_4_key.stopped,rec_instructions_4_continue.started,rec_instructions_4_continue.stopped,demo_map.started,demo_map.stopped,demo_main_image.started,demo_main_image.stopped,demo_image.started,demo_image.stopped,demo_text.started,demo_text.stopped,demo_key.keys,demo_key.rt,demo_key.started,demo_key.stopped,demo_continue.started,demo_continue.stopped,demo_end_text.started,demo_end_text.stopped,demo_end_key.keys,demo_end_key.rt,demo_end_key.started,demo_end_key.stopped,demo_end_continue.started,demo_end_continue.stopped,rec_practice_block_text.started,rec_practice_block_text.stopped,rec_fx_map.started,rec_fx_map.stopped,rec_fx_cross.started,rec_fx_cross.stopped,rec_fx_key.keys,rec_fx_key.started,rec_fx_key.stopped,rec_fx_text_block.started,rec_fx_text_block.stopped,rec_fx_instructions_text.started,rec_fx_instructions_text.stopped,rec_trial_map.started,rec_trial_map.stopped,rec_trial_main_image.started,rec_trial_main_image.stopped,rec_trial_key.keys,rec_trial_key.started,rec_trial_key.stopped,rec_trial_text_block.started,rec_trial_text_block.stopped,rec_trial_instructions_text.started,rec_trial_instructions_text.stopped,rec_practice_feedback_text.started,rec_practice_feedback_text.stopped,rec_trial_key.rt,start_rec_run_text.started,start_rec_run_text.stopped,start_rec_block_text.started,start_rec_block_text.stopped,end_rec_run_text.started,end_rec_run_text.stopped,end_rec_run_key.keys,end_rec_run_key.rt,end_rec_run_key.started,end_rec_run_key.stopped,participant,date,expName,psychopyVersion,frameRate,
,,,,,,,,,,,,,,,,,,,,,,,,,,,,,,,,,,,,,,,,,,,,,,,,,,,,,,,,,,,,,,,,,,,,,,,5.6126389790006215,None,right,56.259757878004166,15.609050758001104,None,,,,,,,,,,,,,,,,,,,,,,,,,,,,,,,,,,,,,,,,,,,,,,,,,,,,,,,,,,,,,,,,,,,,,,,,,,,,,,,,,,,,,,,,,,,,,,,,,,,,,,,,,,,,,,,,,,,,,,,,,,,,,,,,,,,,,,,,,,,,,,,,,,,,,,,,,,,,,,,,,,,,,,,,,,,,,,,,,,,,,,,,,,,,,,,,,,,,,,pilot,2020_ápr_28_2205,trk-encoding,2020.1.0,886.7818949838481,
,,,,,,,,,,,,,,,,,,,,,,,,,,,,,,,,,,,,,,,,,,,,,,,,,,,,,,,,,,,,,,,,,,,,,,,,,,,,,15.609050758001104,None,71.87099620899971,None,right,133.58658307199948,76.86945971900423,None,,,,,,,,,,,,,,,,,,,,,,,,,,,,,,,,,,,,,,,,,,,,,,,,,,,,,,,,,,,,,,,,,,,,,,,,,,,,,,,,,,,,,,,,,,,,,,,,,,,,,,,,,,,,,,,,,,,,,,,,,,,,,,,,,,,,,,,,,,,,,,,,,,,,,,,,,,,,,,,,,,,,,,,,,,,,,,,,,,,,,,,,,,,,,,pilot,2020_ápr_28_2205,trk-encoding,2020.1.0,886.7818949838481,
,,,,,,,,,,,,,,,,,,,,,,,,,,,,,,,,,,,,,,,,,,,,,,,,,,,,,,,,,,,,,,,,,,,,,,,,,,,,,,,,,,,,,76.86945971900423,None,210.45879641499778,None,right,11.162244583996653,215.4566521529996,None,,,,,,,,,,,,,,,,,,,,,,,,,,,,,,,,,,,,,,,,,,,,,,,,,,,,,,,,,,,,,,,,,,,,,,,,,,,,,,,,,,,,,,,,,,,,,,,,,,,,,,,,,,,,,,,,,,,,,,,,,,,,,,,,,,,,,,,,,,,,,,,,,,,,,,,,,,,,,,,,,,,,,,,,,,,,,,,,,,,,,,pilot,2020_ápr_28_2205,trk-encoding,2020.1.0,886.7818949838481,
,,,,,,,,,,,,,,,,,,,,,,,,,,,,,,,,,,,,,,,,,,,,,,,,,,,,,,,,,,,,,,,,,,,,,,,,,,,,,,,,,,,,,,,,,,,,,215.4566521529996,None,226.62086620800255,None,right,8.916020478005521,226.62086620800255,None,,,,,,,,,,,,,,,,,,,,,,,,,,,,,,,,,,,,,,,,,,,,,,,,,,,,,,,,,,,,,,,,,,,,,,,,,,,,,,,,,,,,,,,,,,,,,,,,,,,,,,,,,,,,,,,,,,,,,,,,,,,,,,,,,,,,,,,,,,,,,,,,,,,,,,,,,,,,,,,,,,,,,,,,,,,,,,pilot,2020_ápr_28_2205,trk-encoding,2020.1.0,886.7818949838481,
,,,,,,,,,,,,,,,,,,,,,,,,,,,,,,,,,,,,,,,,,,,,,,,,,,,,,,,,,,,,,,,,,,,,,,,,,,,,,,,,,,,,,,,,,,,,,,,,,,,,,227.6194346580014,None,235.54905747900193,None,237.05177180800092,None,237.05177180800092,None,right,8.772701768000843,242.0487576470041,None,,,,,,,,,,,,,,,,,,,,,,,,,,,,,,,,,,,,,,,,,,,,,,,,,,,,,,,,,,,,,,,,,,,,,,,,,,,,,,,,,,,,,,,,,,,,,,,,,,,,,,,,,,,,,,,,,,,,,,,,,,,,,,,,,,,,,,,,,,,,,,,,,,,,,,,,,,,,,,,,,,pilot,2020_ápr_28_2205,trk-encoding,2020.1.0,886.7818949838481,
,,,,,,,,,,,,,,,,,,,,,,,,,,,,,,,,,,,,,,,,,,,,,,,,,,,,,,,,,,,,,,,,,,,,,,,,,,,,,,,,,,,,,,,,,,,,,,,,,,,,,,,,,,,,,,,,,242.0487576470041,None,250.82539325600374,None,250.82539325600374,None,right,5.62139102799847,255.82592229299917,None,,,,,,,,,,,,,,,,,,,,,,,,,,,,,,,,,,,,,,,,,,,,,,,,,,,,,,,,,,,,,,,,,,,,,,,,,,,,,,,,,,,,,,,,,,,,,,,,,,,,,,,,,,,,,,,,,,,,,,,,,,,,,,,,,,,,,,,,,,,,,,,,,,,,,,,,pilot,2020_ápr_28_2205,trk-encoding,2020.1.0,886.7818949838481,
,,,,,,,,,,,,,,,,,,,,,,,,,,,,,,,,,,,,,,,,,,,,,,,,,,,,,,,,,,,,,,,,,,,,,,,,,,,,,,,,,,,,,,,,,,,,,,,,,,,,,,,,,,,,,,,,,,,,,,,,,,,255.82592229299917,None,261.4495762930019,None,right,11.919203309000295,266.4473643590027,None,,,,,,,,,,,,,,,,,,,,,,,,,,,,,,,,,,,,,,,,,,,,,,,,,,,,,,,,,,,,,,,,,,,,,,,,,,,,,,,,,,,,,,,,,,,,,,,,,,,,,,,,,,,,,,,,,,,,,,,,,,,,,,,,,,,,,,,,,,,,,,,,pilot,2020_ápr_28_2205,trk-encoding,2020.1.0,886.7818949838481,
EncodingPractice,LOC,LURE,1,stimuli/fractals/159a.jpg,0.0,300.0,5000,Encoding,,,,,,,,,,,,,,,,,,,,,,,,,,,0,0,0,3,,,,,,,,,,,,,,,,,,,,,,,,,,,,,,,,,,,,,,,,,,,,,,,,,,,,,,,,,,,,,,,,,,,,,,,,,,,,,,,,,,,,,,,,,,,,,266.4473643590027,None,278.3689155960019,None,279.38814617100434,None,279.38814617100434,None,None,279.38814617100434,None,284.46971600800316,None,284.46971600800316,None,j,0.6481549599993741,284.46971600800316,None,287.48004220700386,None,287.48004220700386,None,287.48004220700386,None,,,,,,,,,,,,,,,,,,,,,,,,,,,,,,,,,,,,,,,,,,,,,,,,,,,,,,,,,,,,,,,,,,,,,,,,,,,,,,,,,,,,,,,,,,,,,,,,,,,,,,,,,,,,,,,,,,,,,,,pilot,2020_ápr_28_2205,trk-encoding,2020.1.0,886.7818949838481,
EncodingPractice,LOC,TARGET,1,stimuli/fractals/166a.jpg,-300.0,0.0,1500,Encoding,,,,,,,,,,,,,,,,,,,,,,,,,,,0,1,1,0,,,,,,,,,,,,,,,,,,,,,,,,,,,,,,,,,,,,,,,,,,,,,,,,,,,,,,,,,,,,,,,,,,,,,,,,,,,,,,,,,,,,,,,,,,,,,,,,,288.3986916110007,None,288.3986916110007,None,f,288.3986916110007,None,289.97119609700167,None,289.97119609700167,None,f,0.5457431640024879,289.97119609700167,None,292.9754906870003,None,292.9754906870003,None,292.9754906870003,None,1.4446379090004484,,,,,,,,,,,,,,,,,,,,,,,,,,,,,,,,,,,,,,,,,,,,,,,,,,,,,,,,,,,,,,,,,,,,,,,,,,,,,,,,,,,,,,,,,,,,,,,,,,,,,,,,,,,,,,,,,,,,,,pilot,2020_ápr_28_2205,trk-encoding,2020.1.0,886.7818949838481,
EncodingPractice,OBJ,TARGET,1,stimuli/fractals/167a.jpg,300.0,0.0,500,Encoding,,,,,,,,,,,,,,,,,,,,,,,,,,,0,2,2,1,,,,,,,,,,,,,,,,,,,,,,,,,,,,,,,,,,,,,,,,,,,,,,,,,,,,,,,,,,,,,,,,,,,,,,,,,,,,,,,,,,,,,,,,,,,,,,,,,293.9069801430014,None,293.9069801430014,None,None,293.9069801430014,None,294.4757202460023,None,294.4757202460023,None,j,1.212643544000457,294.4757202460023,None,297.4859258170036,None,297.4859258170036,None,297.4859258170036,None,,,,,,,,,,,,,,,,,,,,,,,,,,,,,,,,,,,,,,,,,,,,,,,,,,,,,,,,,,,,,,,,,,,,,,,,,,,,,,,,,,,,,,,,,,,,,,,,,,,,,,,,,,,,,,,,,,,,,,,pilot,2020_ápr_28_2205,trk-encoding,2020.1.0,886.7818949838481,
EncodingPractice,LOC,FOIL,1,stimuli/fractals/148b.jpg,212.1320344,212.1320344,1000,Encoding,,,,,,,,,,,,,,,,,,,,,,,,,,,0,3,3,2,,,,,,,,,,,,,,,,,,,,,,,,,,,,,,,,,,,,,,,,,,,,,,,,,,,,,,,,,,,,,,,,,,,,,,,,,,,,,,,,,,,,,,,,,,,,,,,,,298.41454742100177,None,298.41454742100177,None,None,298.41454742100177,None,299.4839295940037,None,299.4839295940037,None,None,,299.4839295940037,None,302.49203231800493,None,302.49203231800493,None,302.49203231800493,None,,,,,,,,,,,,,,,,,,,,,,,,,,,,,,,,,,,,,,,,,,,,,,,,,,,,,,,,,,,,,,,,,,,,,,,,,,,,,,,,,,,,,,,,,,,,,,,,,,,,,,,,,,,,,,,,,,,,,,,pilot,2020_ápr_28_2205,trk-encoding,2020.1.0,886.7818949838481,
EncodingPractice,-,-,1,stimuli/fractals/177b.jpg,300.0,0.0,800,Encoding,,,,,,,,,,,,,,,,,,,,,,,,,,,0,4,4,4,,,,,,,,,,,,,,,,,,,,,,,,,,,,,,,,,,,,,,,,,,,,,,,,,,,,,,,,,,,,,,,,,,,,,,,,,,,,,,,,,,,,,,,,,,,,,,,,,303.4226292770036,None,303.4226292770036,None,None,303.4226292770036,None,304.2967218850026,None,304.2967218850026,None,j,0.6216144840000197,304.2967218850026,None,307.3018765300003,None,307.3018765300003,None,307.3018765300003,None,,,,,,,,,,,,,,,,,,,,,,,,,,,,,,,,,,,,,,,,,,,,,,,,,,,,,,,,,,,,,,,,,,,,,,,,,,,,,,,,,,,,,,,,,,,,,,,,,,,,,,,,,,,,,,,,,,,,,,,pilot,2020_ápr_28_2205,trk-encoding,2020.1.0,886.7818949838481,
,,,,,,,,,,,,,,,,,,,,,,,,,,,,,,,,,,,,,,,,,,,,,,,,,,,,,,,,,,,,,,,,,,,,,,,,,,,,,,,,,,,,,,,,,,,,,,,,,,,,,,,,,,,,,,,,,,,,,,,,,,,,,,,,,,,,,,,,,,,,,,,,,,,,,,,,,,,,,308.22862929500116,None,right,3.5145519700017758,309.22680539900466,None,,,,,,,,,,,,,,,,,,,,,,,,,,,,,,,,,,,,,,,,,,,,,,,,,,,,,,,,,,,,,,,,,,,,,,,,,,,,,,,,,,,,,,,,,,,,,,,,,,,,,,,,,,,,,,,,pilot,2020_ápr_28_2205,trk-encoding,2020.1.0,886.7818949838481,
,,OLP,1,stimuli/fractals/101b.jpg,212.1320344,212.1320344,2000,,1,1,3,stimuli/fractals/101b.jpg,stimuli/fractals/101a.jpg,stimuli/fractals/101c.jpg,212.1320344,212.1320344,0.0,300.0,300.0,0.0,-212.1320344,-212.1320344,,,,,,,,,,,,,,,,,0,0,0,0,0,0,0,0,,,,,,,,,,,,,,,,,,,,,,,,,,,,,,,,,,,,,,,,,,,,,,,,,,,,,,,,,,,,,,,,,,,,,,,,,,,,,,,,,,,,,,,,,314.8155102230012,None,314.8155102230012,None,None,314.8155102230012,None,316.88809472900175,None,316.88809472900175,None,None,,316.88809472900175,None,,,,,,,,,,,,,,None,None,312.74434353700053,None,,,,,,,,,,,,,,,,,,,,,,,,,,,,,,,,,,,,,,,,,,,,,,,,,,,,,,,,,,,,,,,,,,,,,,,,,,,,,,,,,,,,,,,,,,,,,,,,,,,,,,,,,,,,pilot,2020_ápr_28_2205,trk-encoding,2020.1.0,886.7818949838481,
,,OLP,1,stimuli/fractals/97b.jpg,212.1320344,-212.1320344,6000,,2,1,3,stimuli/fractals/97b.jpg,stimuli/fractals/97c.jpg,stimuli/fractals/97a.jpg,212.1320344,-212.1320344,0.0,-300.0,300.0,0.0,-212.1320344,212.1320344,,,,,,,,,,,,,,,,,0,0,0,0,0,1,1,1,,,,,,,,,,,,,,,,,,,,,,,,,,,,,,,,,,,,,,,,,,,,,,,,,,,,,,,,,,,,,,,,,,,,,,,,,,,,,,,,,,,,,,,,,319.82813312700455,None,319.82813312700455,None,None,319.82813312700455,None,325.8993589180027,None,325.8993589180027,None,None,,325.8993589180027,None,,,,,,,,,,,,,,,,,,,,,,,,,,,,,,,,,,,,,,,,,,,,,,,,,,,,,,,,,,,,,,,,,,,,,,,,,,,,,,,,,,,,,,,,,,,,,,,,,,,,,,,,,,,,,,,,,,,,,,,,,,,,,pilot,2020_ápr_28_2205,trk-encoding,2020.1.0,886.7818949838481,
,,LLP,1,stimuli/fractals/76b.jpg,212.1320344,212.1320344,2000,,3,1,5,stimuli/fractals/76b.jpg,stimuli/fractals/76c.jpg,stimuli/fractals/76a.jpg,212.1320344,212.1320344,300.0,0.0,0.0,300.0,-212.1320344,-212.1320344,,,,,,,,,,,,,,,,,1,0,1,0,0,0,0,0,,,,,,,,,,,,,,,,,,,,,,,,,,,,,,,,,,,,,,,,,,,,,,,,,,,,,,,,,,,,,,,,,,,,,,,,,,,,,,,,,,,,,,,,,351.8466937580015,None,351.8466937580015,None,None,351.8466937580015,None,353.91713557099865,None,353.91713557099865,None,None,,353.91713557099865,None,,,,,,,,,,,,,,,,349.7755622600016,None,328.84849610600213,None,right,20.92351712999516,328.84849610600213,None,,,,,,,,,,,,,,,,,,,,,,,,,,,,,,,,,,,,,,,,,,,,,,,,,,,,,,,,,,,,,,,,,,,,,,,,,,,,,,,,,,,,,,,,,,,,,,,,,,,,,,pilot,2020_ápr_28_2205,trk-encoding,2020.1.0,886.7818949838481,
,,ERP,1,stimuli/fractals/19a.jpg,212.1320344,-212.1320344,1000,,4,1,2,stimuli/fractals/19a.jpg,stimuli/fractals/19c.jpg,stimuli/fractals/19b.jpg,212.1320344,-212.1320344,300.0,0.0,0.0,-300.0,-300.0,0.0,,,,,,,,,,,,,,,,,1,0,1,0,0,1,1,1,,,,,,,,,,,,,,,,,,,,,,,,,,,,,,,,,,,,,,,,,,,,,,,,,,,,,,,,,,,,,,,,,,,,,,,,,,,,,,,,,,,,,,,,,356.8586310180035,None,356.8586310180035,None,None,356.8586310180035,None,357.9266144209978,None,357.9266144209978,None,None,,357.9266144209978,None,,,,,,,,,,,,,,,,,,,,,,,,,,,,,,,,,,,,,,,,,,,,,,,,,,,,,,,,,,,,,,,,,,,,,,,,,,,,,,,,,,,,,,,,,,,,,,,,,,,,,,,,,,,,,,,,,,,,,,,,,,,,,pilot,2020_ápr_28_2205,trk-encoding,2020.1.0,886.7818949838481,
,,OLP,2,stimuli/fractals/101a.jpg,212.1320344,212.1320344,5000,,5,1,0,stimuli/fractals/101b.jpg,stimuli/fractals/101a.jpg,stimuli/fractals/101c.jpg,212.1320344,212.1320344,0.0,300.0,300.0,0.0,-212.1320344,-212.1320344,,,,,,,,,,,,,,,,,2,0,2,0,0,0,0,0,,,,,,,,,,,,,,,,,,,,,,,,,,,,,,,,,,,,,,,,,,,,,,,,,,,,,,,,,,,,,,,,,,,,,,,,,,,,,,,,,,,,,,,,,364.61260398000013,None,364.61260398000013,None,None,364.61260398000013,None,369.6814318050019,None,369.6814318050019,None,None,,369.6814318050019,None,,,,,,,,,,,,,,,,362.5420233449986,None,360.8650894720049,None,right,1.674083623001934,360.8650894720049,None,,,,,,,,,,,,,,,,,,,,,,,,,,,,,,,,,,,,,,,,,,,,,,,,,,,,,,,,,,,,,,,,,,,,,,,,,,,,,,,,,,,,,,,,,,,,,,,,,,,,,,pilot,2020_ápr_28_2205,trk-encoding,2020.1.0,886.7818949838481,
,,OLP,2,stimuli/fractals/97c.jpg,212.1320344,-212.1320344,3000,,6,1,0,stimuli/fractals/97b.jpg,stimuli/fractals/97c.jpg,stimuli/fractals/97a.jpg,212.1320344,-212.1320344,0.0,-300.0,300.0,0.0,-212.1320344,212.1320344,,,,,,,,,,,,,,,,,2,0,2,0,0,1,1,1,,,,,,,,,,,,,,,,,,,,,,,,,,,,,,,,,,,,,,,,,,,,,,,,,,,,,,,,,,,,,,,,,,,,,,,,,,,,,,,,,,,,,,,,,372.6223445049982,None,372.6223445049982,None,None,372.6223445049982,None,375.6910138099993,None,375.6910138099993,None,None,,375.6910138099993,None,,,,,,,,,,,,,,,,,,,,,,,,,,,,,,,,,,,,,,,,,,,,,,,,,,,,,,,,,,,,,,,,,,,,,,,,,,,,,,,,,,,,,,,,,,,,,,,,,,,,,,,,,,,,,,,,,,,,,,,,,,,,,pilot,2020_ápr_28_2205,trk-encoding,2020.1.0,886.7818949838481,
,,,,,,,,,,,,,,,,,,,,,,,,,,,,,,,,,,,,,,,,,,,,,,,,,,,,,,,,,,,,,,,,,,,,,,,,,,,,,,,,,,,,,,,,,,,,,,,,,,,,,,,,,,,,,,,,,,,,,,,,,,,,,,,,,,,,,,,,,,,,,,,,,,,,,,,,,,,,,,,,,,,,,,,378.63904293700034,None,right,3.8633811049949145,378.63904293700034,None,387.5055497170033,None,382.5059040220003,None,right,16.3434727030035,387.5055497170033,None,,,,,,,,,,,,,,,,,,,,,,,,,,,,,,,,,,,,,,,,,,,,,,,,,,,,,,,,,,,,,,,,,,,,,,,,,,,,,,,,,,,,,,,,,,,,,,pilot,2020_ápr_28_2205,trk-encoding,2020.1.0,886.7818949838481,
,,,,,,,,,,,,,,,,,,,,,,,,,,,,,,,,,,,,,,,,,,,,,,,,,,,,,,,,,,,,,,,,,,,,,,,,,,,,,,,,,,,,,,,,,,,,,,,,,,,,,,,,,,,,,,,,,,,,,,,,,,,,,,,,,,,,,,,,,,,,,,,,,,,,,,,,,,,,,,,,,,,,,,,,,,,,,,,,,,,,,403.85154650099867,None,405.85329975499917,None,right,29.39334388399584,410.8513209349985,None,,,,,,,,,,,,,,,,,,,,,,,,,,,,,,,,,,,,,,,,,,,,,,,,,,,,,,,,,,,,,,,,,,,,,,,,,,,,,,,,,,,,,,pilot,2020_ápr_28_2205,trk-encoding,2020.1.0,886.7818949838481,
,,,,,,,,,,,,,,,,,,,,,,,,,,,,,,,,,,,,,,,,,,,,,,,,,,,,,,,,,,,,,,,,,,,,,,,,,,,,,,,,,,,,,,,,,,,,,,,,,,,,,,,,,,,,,,,,,,,,,,,,,,,,,,,,,,,,,,,,,,,,,,,,,,,,,,,,,,,,,,,,,,,,,,,,,,,,,,,,,,,,,,,,,,,,,410.8513209349985,None,440.24730244700186,None,right,17.091907549001917,445.24569776099815,None,,,,,,,,,,,,,,,,,,,,,,,,,,,,,,,,,,,,,,,,,,,,,,,,,,,,,,,,,,,,,,,,,,,,,,,,,,,,,,pilot,2020_ápr_28_2205,trk-encoding,2020.1.0,886.7818949838481,
,,,,,,,,,,,,,,,,,,,,,,,,,,,,,,,,,,,,,,,,,,,,,,,,,,,,,,,,,,,,,,,,,,,,,,,,,,,,,,,,,,,,,,,,,,,,,,,,,,,,,,,,,,,,,,,,,,,,,,,,,,,,,,,,,,,,,,,,,,,,,,,,,,,,,,,,,,,,,,,,,,,,,,,,,,,,,,,,,,,,,,,,,,,,,,,,,,,,,445.24569776099815,None,462.3398783810044,None,right,21.98479679600132,467.3392056550001,None,,,,,,,,,,,,,,,,,,,,,,,,,,,,,,,,,,,,,,,,,,,,,,,,,,,,,,,,,,,,,,,,,,,,,,pilot,2020_ápr_28_2205,trk-encoding,2020.1.0,886.7818949838481,
,,,,,,,,,,,,,,,,,,,,,,,,,,,,,,,,,,,,,,,,,,,,,,,,,,,,,,,,,,,,,,,,,,,,,,,,,,,,,,,,,,,,,,,,,,,,,,,,,,,,,,,,,,,,,,,,,,,,,,,,,,,,,,,,,,,,,,,,,,,,,,,,,,,,,,,,,,,,,,,,,,,,,,,,,,,,,,,,,,,,,,,,,,,,,,,,,,,,,,,,,,,,,467.3392056550001,None,489.3270735960032,None,right,39.7685830670016,494.3233506789984,None,,,,,,,,,,,,,,,,,,,,,,,,,,,,,,,,,,,,,,,,,,,,,,,,,,,,,,,,,,,,,,pilot,2020_ápr_28_2205,trk-encoding,2020.1.0,886.7818949838481,
Demo,OBJ,LURE,,stimuli/fractals/149a.jpg,300.0,0.0,1000,,,,,,,,,,,,,,,,stimuli/fractals/149b.jpg,-300.0,0.0,-,Hasonl\u00f3 Képek,,,,,,,,,,,,,,,,,,,,0,0,0,0,,,,,,,,,,,,,,,,,,,,,,,,,,,,,,,,,,,,,,,,,,,,,,,,,,,,,,,,,,,,,,,,,,,,,,,,,,,,,,,,,,,,,,,,,,,,,,,,,,,,,,,,,,,,,,,,,,,,,,,,,,,,,,,,,,,,,,,,,,,,,,,,,,,,,,,,,,,,,,,,,,,494.3233506789984,None,534.2461166560024,None,534.2461166560024,None,534.2461166560024,None,534.2461166560024,None,right,5.978692796998075,536.2456450009995,None,539.2440865009994,None,,,,,,,,,,,,,,,,,,,,,,,,,,,,,,,,,,,,,,,,,,,,,,pilot,2020_ápr_28_2205,trk-encoding,2020.1.0,886.7818949838481,
Demo,OBJ,LURE,,stimuli/fractals/181b.jpg,300.0,0.0,2300,,,,,,,,,,,,,,,,stimuli/fractals/181c.jpg,-300.0,0.0,-,Hasonl\u00f3 Képek,,,,,,,,,,,,,,,,,,,,0,1,1,1,,,,,,,,,,,,,,,,,,,,,,,,,,,,,,,,,,,,,,,,,,,,,,,,,,,,,,,,,,,,,,,,,,,,,,,,,,,,,,,,,,,,,,,,,,,,,,,,,,,,,,,,,,,,,,,,,,,,,,,,,,,,,,,,,,,,,,,,,,,,,,,,,,,,,,,,,,,,,,,,,,,,,542.3705678260012,None,542.3705678260012,None,542.3705678260012,None,542.3705678260012,None,right,41.32710134500667,544.3637294110013,None,547.3644610269985,None,,,,,,,,,,,,,,,,,,,,,,,,,,,,,,,,,,,,,,,,,,,,,,pilot,2020_ápr_28_2205,trk-encoding,2020.1.0,886.7818949838481,
Demo,OBJ,LURE,,stimuli/fractals/177b.jpg,300.0,0.0,800,,,,,,,,,,,,,,,,stimuli/fractals/177c.jpg,-300.0,0.0,-,Hasonl\u00f3 Képek,,,,,,,,,,,,,,,,,,,,0,2,2,2,,,,,,,,,,,,,,,,,,,,,,,,,,,,,,,,,,,,,,,,,,,,,,,,,,,,,,,,,,,,,,,,,,,,,,,,,,,,,,,,,,,,,,,,,,,,,,,,,,,,,,,,,,,,,,,,,,,,,,,,,,,,,,,,,,,,,,,,,,,,,,,,,,,,,,,,,,,,,,,,,,,,,585.8397103770039,None,585.8397103770039,None,585.8397103770039,None,585.8397103770039,None,right,0.3943563590000849,587.8373092750044,None,None,None,,,,,,,,,,,,,,,,,,,,,,,,,,,,,,,,,,,,,,,,,,,,,,pilot,2020_ápr_28_2205,trk-encoding,2020.1.0,886.7818949838481,
Demo,OBJ,LURE,,stimuli/fractals/167a.jpg,300.0,0.0,1500,,,,,,,,,,,,,,,,stimuli/fractals/167b.jpg,-300.0,0.0,OBJ-TARGET,Hasonl\u00f3 Képek,,,,,,,,,,,,,,,,,,,,0,3,3,3,,,,,,,,,,,,,,,,,,,,,,,,,,,,,,,,,,,,,,,,,,,,,,,,,,,,,,,,,,,,,,,,,,,,,,,,,,,,,,,,,,,,,,,,,,,,,,,,,,,,,,,,,,,,,,,,,,,,,,,,,,,,,,,,,,,,,,,,,,,,,,,,,,,,,,,,,,,,,,,,,,,,,588.3674064959996,None,588.3674064959996,None,588.3674064959996,None,588.3674064959996,None,right,0.640084955994098,590.3605646799988,None,None,None,,,,,,,,,,,,,,,,,,,,,,,,,,,,,,,,,,,,,,,,,,,,,,pilot,2020_ápr_28_2205,trk-encoding,2020.1.0,886.7818949838481,
Demo,OBJ,FOIL,,stimuli/fractals/163a.jpg,300.0,0.0,600,,,,,,,,,,,,,,,,stimuli/fractals/173c.jpg,-300.0,0.0,-,\u00daj Képek,,,,,,,,,,,,,,,,,,,,0,4,4,4,,,,,,,,,,,,,,,,,,,,,,,,,,,,,,,,,,,,,,,,,,,,,,,,,,,,,,,,,,,,,,,,,,,,,,,,,,,,,,,,,,,,,,,,,,,,,,,,,,,,,,,,,,,,,,,,,,,,,,,,,,,,,,,,,,,,,,,,,,,,,,,,,,,,,,,,,,,,,,,,,,,,,591.1389559160016,None,591.1389559160016,None,591.1389559160016,None,591.1389559160016,None,right,1.8382464040041668,593.1381404999993,None,None,None,,,,,,,,,,,,,,,,,,,,,,,,,,,,,,,,,,,,,,,,,,,,,,pilot,2020_ápr_28_2205,trk-encoding,2020.1.0,886.7818949838481,
Demo,LOC,LURE,,stimuli/fractals/166a.jpg,-300.0,0.0,800,,,,,,,,,,,,,,,,stimuli/fractals/166a.jpg,-212.1320344,-212.1320344,"LOC-TARGET, OBJ-LURE",Hasonl\u00f3 Helyek,,,,,,,,,,,,,,,,,,,,0,5,5,5,,,,,,,,,,,,,,,,,,,,,,,,,,,,,,,,,,,,,,,,,,,,,,,,,,,,,,,,,,,,,,,,,,,,,,,,,,,,,,,,,,,,,,,,,,,,,,,,,,,,,,,,,,,,,,,,,,,,,,,,,,,,,,,,,,,,,,,,,,,,,,,,,,,,,,,,,,,,,,,,,,,,,595.1123171360014,None,595.1123171360014,None,595.1123171360014,None,595.1123171360014,None,right,0.14524694300052943,597.113491699005,None,None,None,,,,,,,,,,,,,,,,,,,,,,,,,,,,,,,,,,,,,,,,,,,,,,pilot,2020_ápr_28_2205,trk-encoding,2020.1.0,886.7818949838481,
Demo,LOC,LURE,,stimuli/fractals/159a.jpg,0.0,300.0,1500,,,,,,,,,,,,,,,,stimuli/fractals/159a.jpg,-212.1320344,212.1320344,LOC-LURE,Hasonl\u00f3 Helyek,,,,,,,,,,,,,,,,,,,,0,6,6,6,,,,,,,,,,,,,,,,,,,,,,,,,,,,,,,,,,,,,,,,,,,,,,,,,,,,,,,,,,,,,,,,,,,,,,,,,,,,,,,,,,,,,,,,,,,,,,,,,,,,,,,,,,,,,,,,,,,,,,,,,,,,,,,,,,,,,,,,,,,,,,,,,,,,,,,,,,,,,,,,,,,,,597.4036758439979,None,597.4036758439979,None,597.4036758439979,None,597.4036758439979,None,right,2.65599425000255,599.3983403759994,None,None,None,,,,,,,,,,,,,,,,,,,,,,,,,,,,,,,,,,,,,,,,,,,,,,pilot,2020_ápr_28_2205,trk-encoding,2020.1.0,886.7818949838481,
Demo,LOC,LURE,,stimuli/fractals/148b.jpg,212.1320344,212.1320344,800,,,,,,,,,,,,,,,,stimuli/fractals/148b.jpg,0.0,300.0,LOC-FOIL,Hasonl\u00f3 Helyek,,,,,,,,,,,,,,,,,,,,0,7,7,7,,,,,,,,,,,,,,,,,,,,,,,,,,,,,,,,,,,,,,,,,,,,,,,,,,,,,,,,,,,,,,,,,,,,,,,,,,,,,,,,,,,,,,,,,,,,,,,,,,,,,,,,,,,,,,,,,,,,,,,,,,,,,,,,,,,,,,,,,,,,,,,,,,,,,,,,,,,,,,,,,,,,,602.1884319910023,None,602.1884319910023,None,602.1884319910023,None,602.1884319910023,None,right,1.9801718849994359,604.1822698190008,None,None,None,,,,,,,,,,,,,,,,,,,,,,,,,,,,,,,,,,,,,,,,,,,,,,pilot,2020_ápr_28_2205,trk-encoding,2020.1.0,886.7818949838481,
Demo,LOC,FOIL,,stimuli/fractals/177b.jpg,300.0,0.0,800,,,,,,,,,,,,,,,,stimuli/fractals/177b.jpg,-212.1320344,212.1320344,OBJ-LURE,\u00daj Helyek,,,,,,,,,,,,,,,,,,,,0,8,8,8,,,,,,,,,,,,,,,,,,,,,,,,,,,,,,,,,,,,,,,,,,,,,,,,,,,,,,,,,,,,,,,,,,,,,,,,,,,,,,,,,,,,,,,,,,,,,,,,,,,,,,,,,,,,,,,,,,,,,,,,,,,,,,,,,,,,,,,,,,,,,,,,,,,,,,,,,,,,,,,,,,,,,606.3113166750045,None,606.3113166750045,None,606.3113166750045,None,606.3113166750045,None,right,5.672039867997228,608.3097372140037,None,611.308884662998,None,,,,,,,,,,,,,,,,,,,,,,,,,,,,,,,,,,,,,,,,,,,,,,pilot,2020_ápr_28_2205,trk-encoding,2020.1.0,886.7818949838481,
Demo,LOC,FOIL,,stimuli/fractals/177b.jpg,300.0,0.0,1200,,,,,,,,,,,,,,,,stimuli/fractals/177b.jpg,-300.0,0.0,OBJ-LURE,\u00daj Helyek,,,,,,,,,,,,,,,,,,,,0,9,9,9,,,,,,,,,,,,,,,,,,,,,,,,,,,,,,,,,,,,,,,,,,,,,,,,,,,,,,,,,,,,,,,,,,,,,,,,,,,,,,,,,,,,,,,,,,,,,,,,,,,,,,,,,,,,,,,,,,,,,,,,,,,,,,,,,,,,,,,,,,,,,,,,,,,,,,,,,,,,,,,,,,,,,614.1263332720046,None,614.1263332720046,None,614.1263332720046,None,614.1263332720046,None,right,1.2791148670003167,616.1265127389997,None,None,None,,,,,,,,,,,,,,,,,,,,,,,,,,,,,,,,,,,,,,,,,,,,,,pilot,2020_ápr_28_2205,trk-encoding,2020.1.0,886.7818949838481,
,,,,,,,,,,,,,,,,,,,,,,,,,,,,,,,,,,,,,,,,,,,,,,,,,,,,,,,,,,,,,,,,,,,,,,,,,,,,,,,,,,,,,,,,,,,,,,,,,,,,,,,,,,,,,,,,,,,,,,,,,,,,,,,,,,,,,,,,,,,,,,,,,,,,,,,,,,,,,,,,,,,,,,,,,,,,,,,,,,,,,,,,,,,,,,,,,,,,,,,,,,,,,,,,,,,,,,,,,,,,,,,,,,,,,617.4097973700045,None,right,25.690299964000587,622.4072017619983,None,,,,,,,,,,,,,,,,,,,,,,,,,,,,,,,,,,,,,,,,pilot,2020_ápr_28_2205,trk-encoding,2020.1.0,886.7818949838481,
RecognitionPractice,OBJ,FOIL,,stimuli/fractals/156b.jpg,212.1320344,212.1320344,0.6,,1,,,,,,,,,,,,,,,,,,,1,0,,,,,,,,,,,,,,,,,,,,,,0,0,0,0,0,0,0,0,,,,,,,,,,,,,,,,,,,,,,,,,,,,,,,,,,,,,,,,,,,,,,,,,,,,,,,,,,,,,,,,,,,,,,,,,,,648.0993379420033,None,,,,,,,,,,,,,,,,,,,,,,,,,,,,,,,,,,,,,,,,,,,,,,,,,,,,,,,,,,,,,,,,,,,,,,,,,,,,,,,,,,,,,,,,,,,,,,,,,,,,,622.4072017619983,None,649.105559636002,None,650.1192776261988,None,650.1192776261988,None,None,650.1192776261988,None,650.1192776261988,None,650.1192776261988,None,650.195357634002,None,650.195357634002,None,None,650.195357634002,None,650.195357634002,None,650.195357634002,None,654.1317540960008,None,,,,,,,,,,,,pilot,2020_ápr_28_2205,trk-encoding,2020.1.0,886.7818949838481,
RecognitionPractice,OBJ,LURE,,stimuli/fractals/166c.jpg,-300.0,0.0,0.6,,1,,,,,,,,,,,,,,,,,,,1,0,,,,,,,,,,,,,,,,,,,,,,0,0,0,0,0,1,1,1,,,,,,,,,,,,,,,,,,,,,,,,,,,,,,,,,,,,,,,,,,,,,,,,,,,,,,,,,,,,,,,,,,,,,,,,,,,,,,,,,,,,,,,,,,,,,,,,,,,,,,,,,,,,,,,,,,,,,,,,,,,,,,,,,,,,,,,,,,,,,,,,,,,,,,,,,,,,,,,,,,,,,,,,,,,,,,,,,,,,,656.124043095803,None,656.124043095803,None,None,656.124043095803,None,656.124043095803,None,656.124043095803,None,656.1948816970034,None,656.1948816970034,None,None,656.1948816970034,None,656.1948816970034,None,656.1948816970034,None,660.135218993004,None,,,,,,,,,,,,pilot,2020_ápr_28_2205,trk-encoding,2020.1.0,886.7818949838481,
RecognitionPractice,OBJ,TARGET,,stimuli/fractals/167a.jpg,0.0,300.0,2.0,,2,,,,,,,,,,,,,,,,,,,1,0,,,,,,,,,,,,,,,,,,,,,,0,0,0,0,0,2,2,2,,,,,,,,,,,,,,,,,,,,,,,,,,,,,,,,,,,,,,,,,,,,,,,,,,,,,,,,,,,,,,,,,,,,,,,,,,,,,,,,,,,,,,,,,,,,,,,,,,,,,,,,,,,,,,,,,,,,,,,,,,,,,,,,,,,,,,,,,,,,,,,,,,,,,,,,,,,,,,,,,,,,,,,,,,,,,,,,,,,,,662.131721496,None,662.131721496,None,None,662.131721496,None,662.131721496,None,662.131721496,None,662.2028892939998,None,662.2028892939998,None,f,662.2028892939998,None,662.2028892939998,None,662.2028892939998,None,666.1444020210038,None,1.6445661690013367,,,,,,,,,,,pilot,2020_ápr_28_2205,trk-encoding,2020.1.0,886.7818949838481,
RecognitionPractice,LOC,LURE,,stimuli/fractals/159a.jpg,212.1320344,212.1320344,1.0,,4,,,,,,,,,,,,,,,,,,,2,0,,,,,,,,,,,,,,,,,,,,,,1,0,1,0,0,0,0,0,,,,,,,,,,,,,,,,,,,,,,,,,,,,,,,,,,,,,,,,,,,,,,,,,,,,,,,,,,,,,,,,,,,,,,,,,,,,,,,,,,,,,,,,,,,,,,,,,,,,,,,,,,,,,,,,,,,,,,,,,,,,,,,,,,,,,,,,,,,,,,,,,,,,,,,,,,,,,,,,,,,,,,,,,,,,,,,,,,,668.1408536349991,None,669.152256471003,None,669.152256471003,None,None,669.152256471003,None,669.152256471003,None,669.152256471003,None,669.2332929469994,None,669.2332929469994,None,None,669.2332929469994,None,669.2332929469994,None,669.2332929469994,None,673.1636065970015,None,,,,,,,,,,,,pilot,2020_ápr_28_2205,trk-encoding,2020.1.0,886.7818949838481,
RecognitionPractice,LOC,FOIL,,stimuli/fractals/148b.jpg,-212.1320344,-212.1320344,1.5,,5,,,,,,,,,,,,,,,,,,,2,0,,,,,,,,,,,,,,,,,,,,,,1,0,1,0,0,1,1,1,,,,,,,,,,,,,,,,,,,,,,,,,,,,,,,,,,,,,,,,,,,,,,,,,,,,,,,,,,,,,,,,,,,,,,,,,,,,,,,,,,,,,,,,,,,,,,,,,,,,,,,,,,,,,,,,,,,,,,,,,,,,,,,,,,,,,,,,,,,,,,,,,,,,,,,,,,,,,,,,,,,,,,,,,,,,,,,,,,,,,675.1623214840001,None,675.1623214840001,None,None,675.1623214840001,None,675.1623214840001,None,675.1623214840001,None,675.2320087780026,None,675.2320087780026,None,f,675.2320087780026,None,675.2320087780026,None,675.2320087780026,None,679.1731986710001,None,2.539357690002362,,,,,,,,,,,pilot,2020_ápr_28_2205,trk-encoding,2020.1.0,886.7818949838481,
RecognitionPractice,LOC,TARGET,,stimuli/fractals/166a.jpg,-300.0,0.0,1.0,,6,,,,,,,,,,,,,,,,,,,2,0,,,,,,,,,,,,,,,,,,,,,,1,0,1,0,0,2,2,2,,,,,,,,,,,,,,,,,,,,,,,,,,,,,,,,,,,,,,,,,,,,,,,,,,,,,,,,,,,,,,,,,,,,,,,,,,,,,,,,,,,,,,,,,,,,,,,,,,,,,,,,,,,,,,,,,,,,,,,,,,,,,,,,,,,,,,,,,,,,,,,,,,,,,,,,,,,,,,,,,,,,,,,,,,,,,,,,,,,,,681.1714678959979,None,681.1714678959979,None,None,681.1714678959979,None,681.1714678959979,None,681.1714678959979,None,681.2418773840036,None,681.2418773840036,None,f,681.2418773840036,None,681.2418773840036,None,681.2418773840036,None,685.1828509629995,None,2.082415223994758,,,,,,,,,,,pilot,2020_ápr_28_2205,trk-encoding,2020.1.0,886.7818949838481,
,,,,,,,,,,,,,,,,,,,,,,,,,,,,,,,,,,,,,,,,,,,,,,,,,,,,,,,,,,,,,,,,,,,,,,,,,,,,,,,,,,,,,,,,,,,,,,,,,,,,,,,,,,,,,,,,,,,,,,,,,,,,,,,,,,,,,,,,,,,,,,,,,,,,,,,,,,,,,687.176671250003,None,right,35.7010057869993,688.1750156490016,None,,,,,,,,,,,,,,,,,,,,,,,,,,,,,,,,,,,,,,,,,,,,,,,,,,,,,,,,,,,,,,,,,,,,,,,,,,,,,,,,,,,,,,,,,,,,,,,,,,,,,,,,,,,,,,,,pilot,2020_ápr_28_2205,trk-encoding,2020.1.0,886.7818949838481,
,OBJ,FOIL,,stimuli/fractals/102b.jpg,300.0,0.0,500,,1,None,,None,None,None,None,None,None,None,None,None,None,None,,,,,,1,,0.0,FOIL,None,0.0,0.0,,,,,,,,,,,,,,,,,,,,,,,,,0,0,0,0,0,0,0,0,0,0,0,0,,,,,,,,,,,,,,,,,,,,,,,,,,,,,,,,,,,,,,,,,,,,,,,,,,,,,,,,,,,,,,,,,,,,,,,,,,,,,,,,,,,,,,,,,,,,,692.1756061370033,None,,,,,,,,,,,,,,,,,,,,,,,,,,,,,,,,,,,,,,,,,,,,,,,,,,,,,,,,,,,,,,,,,,,,,,,,,,,726.4417731450012,None,726.4417731450012,None,None,726.4417731450012,None,726.4417731450012,None,726.4417731450012,None,727.0199697549979,None,727.0199697549979,None,None,727.0199697549979,None,727.0199697549979,None,727.0199697549979,None,,,,723.8789336900008,None,724.8819391540019,None,,,,,,,pilot,2020_ápr_28_2205,trk-encoding,2020.1.0,886.7818949838481,
,OBJ,LURE,,stimuli/fractals/101c.jpg,212.1320344,212.1320344,1000,,2,None,,stimuli/fractals/101b.jpg,stimuli/fractals/101a.jpg,stimuli/fractals/101c.jpg,212.1320344,212.1320344,0.0,300.0,300.0,0.0,-212.1320344,-212.1320344,,,,,,1,,1.0,OLP,stimuli/fractals/101b.jpg,212.1320344,212.1320344,,,,,,,,,,,,,,,,,,,,,,,,,0,0,0,0,0,0,0,0,0,1,1,1,,,,,,,,,,,,,,,,,,,,,,,,,,,,,,,,,,,,,,,,,,,,,,,,,,,,,,,,,,,,,,,,,,,,,,,,,,,,,,,,,,,,,,,,,,,,,,,,,,,,,,,,,,,,,,,,,,,,,,,,,,,,,,,,,,,,,,,,,,,,,,,,,,,,,,,,,,,,,,,,,,,,,,,,,730.95481191,None,730.95481191,None,None,730.95481191,None,730.95481191,None,730.95481191,None,732.0292476789982,None,732.0292476789982,None,None,732.0292476789982,None,732.0292476789982,None,732.0292476789982,None,,,,,,,,,,,,,,pilot,2020_ápr_28_2205,trk-encoding,2020.1.0,886.7818949838481,
,OBJ,TARGET,,stimuli/fractals/97b.jpg,212.1320344,-212.1320344,2000,,3,None,,stimuli/fractals/97b.jpg,stimuli/fractals/97c.jpg,stimuli/fractals/97a.jpg,212.1320344,-212.1320344,0.0,-300.0,300.0,0.0,-212.1320344,212.1320344,,,,,,1,,2.0,OLP,stimuli/fractals/97b.jpg,212.1320344,-212.1320344,,,,,,,,,,,,,,,,,,,,,,,,,0,0,0,0,0,0,0,0,0,2,2,2,,,,,,,,,,,,,,,,,,,,,,,,,,,,,,,,,,,,,,,,,,,,,,,,,,,,,,,,,,,,,,,,,,,,,,,,,,,,,,,,,,,,,,,,,,,,,,,,,,,,,,,,,,,,,,,,,,,,,,,,,,,,,,,,,,,,,,,,,,,,,,,,,,,,,,,,,,,,,,,,,,,,,,,,,735.9691132270018,None,735.9691132270018,None,None,735.9691132270018,None,735.9691132270018,None,735.9691132270018,None,738.0402819529991,None,738.0402819529991,None,None,738.0402819529991,None,738.0402819529991,None,738.0402819529991,None,,,,,,,,,,,,,,pilot,2020_ápr_28_2205,trk-encoding,2020.1.0,886.7818949838481,
,OBJ,FOIL,,stimuli/fractals/57a.jpg,-212.1320344,-212.1320344,3000,,4,None,,None,None,None,None,None,None,None,None,None,None,None,,,,,,1,,0.0,FOIL,None,0.0,0.0,,,,,,,,,,,,,,,,,,,,,,,,,0,0,0,0,1,0,1,0,0,0,0,0,,,,,,,,,,,,,,,,,,,,,,,,,,,,,,,,,,,,,,,,,,,,,,,,,,,,,,,,,,,,,,,,,,,,,,,,,,,,,,,,,,,,,,,,,,,,,,,,,,,,,,,,,,,,,,,,,,,,,,,,,,,,,,,,,,,,,,,,,,,,,,,,,,,,,,,,,,,,,,,,,,,,,,,,,743.5291298660013,None,743.5291298660013,None,None,743.5291298660013,None,743.5291298660013,None,743.5291298660013,None,746.6039763860026,None,746.6039763860026,None,None,746.6039763860026,None,746.6039763860026,None,746.6039763860026,None,,,,,,741.9755985740048,None,,,,,,,pilot,2020_ápr_28_2205,trk-encoding,2020.1.0,886.7818949838481,
,OBJ,TARGET,,stimuli/fractals/15b.jpg,-212.1320344,-212.1320344,2000,,5,None,,stimuli/fractals/15b.jpg,stimuli/fractals/15a.jpg,stimuli/fractals/15c.jpg,-212.1320344,-212.1320344,-300.0,0.0,0.0,-300.0,212.1320344,212.1320344,,,,,,1,,12.0,OLP,stimuli/fractals/15b.jpg,-212.1320344,-212.1320344,,,,,,,,,,,,,,,,,,,,,,,,,0,0,0,0,1,0,1,0,0,1,1,1,,,,,,,,,,,,,,,,,,,,,,,,,,,,,,,,,,,,,,,,,,,,,,,,,,,,,,,,,,,,,,,,,,,,,,,,,,,,,,,,,,,,,,,,,,,,,,,,,,,,,,,,,,,,,,,,,,,,,,,,,,,,,,,,,,,,,,,,,,,,,,,,,,,,,,,,,,,,,,,,,,,,,,,,,750.5416644049983,None,750.5416644049983,None,None,750.5416644049983,None,750.5416644049983,None,750.5416644049983,None,752.6138053350005,None,752.6138053350005,None,None,752.6138053350005,None,752.6138053350005,None,752.6138053350005,None,,,,,,,,,,,,,,pilot,2020_ápr_28_2205,trk-encoding,2020.1.0,886.7818949838481,
,OBJ,FOIL,,stimuli/fractals/20c.jpg,300.0,0.0,1000,,6,None,,None,None,None,None,None,None,None,None,None,None,None,,,,,,1,,0.0,FOIL,None,0.0,0.0,,,,,,,,,,,,,,,,,,,,,,,,,0,0,0,0,1,0,1,0,0,2,2,2,,,,,,,,,,,,,,,,,,,,,,,,,,,,,,,,,,,,,,,,,,,,,,,,,,,,,,,,,,,,,,,,,,,,,,,,,,,,,,,,,,,,,,,,,,,,,,,,,,,,,,,,,,,,,,,,,,,,,,,,,,,,,,,,,,,,,,,,,,,,,,,,,,,,,,,,,,,,,,,,,,,,,,,,,756.5554023450022,None,756.5554023450022,None,None,756.5554023450022,None,756.5554023450022,None,756.5554023450022,None,757.6287724209978,None,757.6287724209978,None,None,757.6287724209978,None,757.6287724209978,None,757.6287724209978,None,,,,,,,,,,,,,,pilot,2020_ápr_28_2205,trk-encoding,2020.1.0,886.7818949838481,
,OBJ,TARGET,,stimuli/fractals/121b.jpg,0.0,300.0,3000,,7,None,,stimuli/fractals/121b.jpg,stimuli/fractals/121c.jpg,stimuli/fractals/121a.jpg,0.0,300.0,212.1320344,212.1320344,-212.1320344,212.1320344,0.0,-300.0,,,,,,1,,18.0,OLP,stimuli/fractals/121b.jpg,0.0,300.0,,,,,,,,,,,,,,,,,,,,,,,,,1,0,1,0,0,0,0,0,0,0,0,0,,,,,,,,,,,,,,,,,,,,,,,,,,,,,,,,,,,,,,,,,,,,,,,,,,,,,,,,,,,,,,,,,,,,,,,,,,,,,,,,,,,,,,,,,,,,,,,,,,,,,,,,,,,,,,,,,,,,,,,,,,,,,,,,,,,,,,,,,,,,,,,,,,,,,,,,,,,,,,,,,,,,,,,,,922.476014179003,None,922.476014179003,None,None,922.476014179003,None,922.476014179003,None,922.476014179003,None,925.5549515450039,None,925.5549515450039,None,None,925.5549515450039,None,925.5549515450039,None,925.5549515450039,None,,,,919.9171750120004,None,920.9194258069983,None,761.5767794880012,None,right,158.33687782200286,761.5767794880012,None,pilot,2020_ápr_28_2205,trk-encoding,2020.1.0,886.7818949838481,
,OBJ,TARGET,,stimuli/fractals/19a.jpg,212.1320344,-212.1320344,1000,,8,None,,stimuli/fractals/19a.jpg,stimuli/fractals/19c.jpg,stimuli/fractals/19b.jpg,212.1320344,-212.1320344,300.0,0.0,0.0,-300.0,-300.0,0.0,,,,,,1,,4.0,ERP,stimuli/fractals/19a.jpg,212.1320344,-212.1320344,,,,,,,,,,,,,,,,,,,,,,,,,1,0,1,0,0,0,0,0,0,1,1,1,,,,,,,,,,,,,,,,,,,,,,,,,,,,,,,,,,,,,,,,,,,,,,,,,,,,,,,,,,,,,,,,,,,,,,,,,,,,,,,,,,,,,,,,,,,,,,,,,,,,,,,,,,,,,,,,,,,,,,,,,,,,,,,,,,,,,,,,,,,,,,,,,,,,,,,,,,,,,,,,,,,,,,,,,929.494444750002,None,929.494444750002,None,None,929.494444750002,None,929.494444750002,None,929.494444750002,None,930.567116623999,None,930.567116623999,None,None,930.567116623999,None,930.567116623999,None,930.567116623999,None,,,,,,,,,,,,,,pilot,2020_ápr_28_2205,trk-encoding,2020.1.0,886.7818949838481,
,OBJ,TARGET,,stimuli/fractals/14c.jpg,-212.1320344,-212.1320344,2000,,9,None,,stimuli/fractals/14c.jpg,stimuli/fractals/14b.jpg,stimuli/fractals/14a.jpg,-212.1320344,-212.1320344,-300.0,0.0,0.0,-300.0,212.1320344,212.1320344,,,,,,1,,8.0,ERP,stimuli/fractals/14c.jpg,-212.1320344,-212.1320344,,,,,,,,,,,,,,,,,,,,,,,,,1,0,1,0,0,0,0,0,0,2,2,2,,,,,,,,,,,,,,,,,,,,,,,,,,,,,,,,,,,,,,,,,,,,,,,,,,,,,,,,,,,,,,,,,,,,,,,,,,,,,,,,,,,,,,,,,,,,,,,,,,,,,,,,,,,,,,,,,,,,,,,,,,,,,,,,,,,,,,,,,,,,,,,,,,,,,,,,,,,,,,,,,,,,,,,,,934.5103766829998,None,934.5103766829998,None,None,934.5103766829998,None,934.5103766829998,None,934.5103766829998,None,936.5834050670019,None,936.5834050670019,None,None,936.5834050670019,None,936.5834050670019,None,936.5834050670019,None,,,,,,,,,,,,,,pilot,2020_ápr_28_2205,trk-encoding,2020.1.0,886.7818949838481,
,OBJ,FOIL,,stimuli/fractals/71c.jpg,300.0,0.0,2000,,10,None,,None,None,None,None,None,None,None,None,None,None,None,,,,,,1,,0.0,FOIL,None,0.0,0.0,,,,,,,,,,,,,,,,,,,,,,,,,1,0,1,0,1,0,1,0,0,0,0,0,,,,,,,,,,,,,,,,,,,,,,,,,,,,,,,,,,,,,,,,,,,,,,,,,,,,,,,,,,,,,,,,,,,,,,,,,,,,,,,,,,,,,,,,,,,,,,,,,,,,,,,,,,,,,,,,,,,,,,,,,,,,,,,,,,,,,,,,,,,,,,,,,,,,,,,,,,,,,,,,,,,,,,,,,942.0717494790006,None,942.0717494790006,None,None,942.0717494790006,None,942.0717494790006,None,942.0717494790006,None,944.1472810449995,None,944.1472810449995,None,None,944.1472810449995,None,944.1472810449995,None,944.1472810449995,None,,,,,,940.5198288070023,None,,,,,,,pilot,2020_ápr_28_2205,trk-encoding,2020.1.0,886.7818949838481,
,OBJ,LURE,,stimuli/fractals/76a.jpg,212.1320344,212.1320344,6000,,11,None,,stimuli/fractals/76b.jpg,stimuli/fractals/76c.jpg,stimuli/fractals/76a.jpg,212.1320344,212.1320344,300.0,0.0,0.0,300.0,-212.1320344,-212.1320344,,,,,,1,,3.0,LLP,stimuli/fractals/76b.jpg,212.1320344,212.1320344,,,,,,,,,,,,,,,,,,,,,,,,,1,0,1,0,1,0,1,0,0,1,1,1,,,,,,,,,,,,,,,,,,,,,,,,,,,,,,,,,,,,,,,,,,,,,,,,,,,,,,,,,,,,,,,,,,,,,,,,,,,,,,,,,,,,,,,,,,,,,,,,,,,,,,,,,,,,,,,,,,,,,,,,,,,,,,,,,,,,,,,,,,,,,,,,,,,,,,,,,,,,,,,,,,,,,,,,,948.0898334820013,None,948.0898334820013,None,None,948.0898334820013,None,948.0898334820013,None,948.0898334820013,None,954.1593043890025,None,954.1593043890025,None,None,954.1593043890025,None,954.1593043890025,None,954.1593043890025,None,,,,,,,,,,,,,,pilot,2020_ápr_28_2205,trk-encoding,2020.1.0,886.7818949838481,
,OBJ,FOIL,,stimuli/fractals/129c.jpg,212.1320344,212.1320344,2000,,12,None,,None,None,None,None,None,None,None,None,None,None,None,,,,,,1,,0.0,FOIL,None,0.0,0.0,,,,,,,,,,,,,,,,,,,,,,,,,1,0,1,0,1,0,1,0,0,2,2,2,,,,,,,,,,,,,,,,,,,,,,,,,,,,,,,,,,,,,,,,,,,,,,,,,,,,,,,,,,,,,,,,,,,,,,,,,,,,,,,,,,,,,,,,,,,,,,,,,,,,,,,,,,,,,,,,,,,,,,,,,,,,,,,,,,,,,,,,,,,,,,,,,,,,,,,,,,,,,,,,,,,,,,,,,958.0973904420025,None,958.0973904420025,None,None,958.0973904420025,None,958.0973904420025,None,958.0973904420025,None,960.1678640309983,None,960.1678640309983,None,None,960.1678640309983,None,960.1678640309983,None,960.1678640309983,None,,,,,,,,,,,,,,pilot,2020_ápr_28_2205,trk-encoding,2020.1.0,886.7818949838481,
,OBJ,LURE,,stimuli/fractals/63a.jpg,0.0,300.0,2000,,13,None,,stimuli/fractals/63c.jpg,stimuli/fractals/63b.jpg,stimuli/fractals/63a.jpg,0.0,300.0,-212.1320344,212.1320344,212.1320344,212.1320344,0.0,-300.0,,,,,,1,,11.0,ERP,stimuli/fractals/63c.jpg,0.0,300.0,,,,,,,,,,,,,,,,,,,,,,,,,2,0,2,0,0,0,0,0,0,0,0,0,,,,,,,,,,,,,,,,,,,,,,,,,,,,,,,,,,,,,,,,,,,,,,,,,,,,,,,,,,,,,,,,,,,,,,,,,,,,,,,,,,,,,,,,,,,,,,,,,,,,,,,,,,,,,,,,,,,,,,,,,,,,,,,,,,,,,,,,,,,,,,,,,,,,,,,,,,,,,,,,,,,,,,,,,1010.6476514270034,None,1010.6476514270034,None,None,1010.6476514270034,None,1010.6476514270034,None,1010.6476514270034,None,1012.7200103580035,None,1012.7200103580035,None,None,1012.7200103580035,None,1012.7200103580035,None,1012.7200103580035,None,,,,1008.0892545669994,None,1009.0907708049999,None,964.1048241320022,None,right,43.98152016899985,964.1048241320022,None,pilot,2020_ápr_28_2205,trk-encoding,2020.1.0,886.7818949838481,
,OBJ,FOIL,,stimuli/fractals/23b.jpg,-212.1320344,212.1320344,3000,,14,None,,None,None,None,None,None,None,None,None,None,None,None,,,,,,1,,0.0,FOIL,None,0.0,0.0,,,,,,,,,,,,,,,,,,,,,,,,,2,0,2,0,0,0,0,0,0,1,1,1,,,,,,,,,,,,,,,,,,,,,,,,,,,,,,,,,,,,,,,,,,,,,,,,,,,,,,,,,,,,,,,,,,,,,,,,,,,,,,,,,,,,,,,,,,,,,,,,,,,,,,,,,,,,,,,,,,,,,,,,,,,,,,,,,,,,,,,,,,,,,,,,,,,,,,,,,,,,,,,,,,,,,,,,,1016.662967076998,None,1016.662967076998,None,None,1016.662967076998,None,1016.662967076998,None,1016.662967076998,None,1019.7355458189995,None,1019.7355458189995,None,None,1019.7355458189995,None,1019.7355458189995,None,1019.7355458189995,None,,,,,,,,,,,,,,pilot,2020_ápr_28_2205,trk-encoding,2020.1.0,886.7818949838481,
,OBJ,LURE,,stimuli/fractals/36b.jpg,-300.0,0.0,2000,,15,None,,stimuli/fractals/36a.jpg,stimuli/fractals/36c.jpg,stimuli/fractals/36b.jpg,-300.0,0.0,-212.1320344,212.1320344,-212.1320344,-212.1320344,212.1320344,-212.1320344,,,,,,1,,22.0,ERP,stimuli/fractals/36a.jpg,-300.0,0.0,,,,,,,,,,,,,,,,,,,,,,,,,2,0,2,0,0,0,0,0,0,2,2,2,,,,,,,,,,,,,,,,,,,,,,,,,,,,,,,,,,,,,,,,,,,,,,,,,,,,,,,,,,,,,,,,,,,,,,,,,,,,,,,,,,,,,,,,,,,,,,,,,,,,,,,,,,,,,,,,,,,,,,,,,,,,,,,,,,,,,,,,,,,,,,,,,,,,,,,,,,,,,,,,,,,,,,,,,1023.6747103890011,None,1023.6747103890011,None,None,1023.6747103890011,None,1023.6747103890011,None,1023.6747103890011,None,1025.7432872240024,None,1025.7432872240024,None,None,1025.7432872240024,None,1025.7432872240024,None,1025.7432872240024,None,,,,,,,,,,,,,,pilot,2020_ápr_28_2205,trk-encoding,2020.1.0,886.7818949838481,
,OBJ,LURE,,stimuli/fractals/27b.jpg,212.1320344,-212.1320344,1000,,16,None,,stimuli/fractals/27a.jpg,stimuli/fractals/27c.jpg,stimuli/fractals/27b.jpg,212.1320344,-212.1320344,300.0,0.0,0.0,-300.0,-300.0,0.0,,,,,,1,,10.0,LLP,stimuli/fractals/27a.jpg,212.1320344,-212.1320344,,,,,,,,,,,,,,,,,,,,,,,,,2,0,2,0,1,0,1,0,0,0,0,0,,,,,,,,,,,,,,,,,,,,,,,,,,,,,,,,,,,,,,,,,,,,,,,,,,,,,,,,,,,,,,,,,,,,,,,,,,,,,,,,,,,,,,,,,,,,,,,,,,,,,,,,,,,,,,,,,,,,,,,,,,,,,,,,,,,,,,,,,,,,,,,,,,,,,,,,,,,,,,,,,,,,,,,,,1031.233029945004,None,1031.233029945004,None,None,1031.233029945004,None,1031.233029945004,None,1031.233029945004,None,1032.3019000550048,None,1032.3019000550048,None,None,1032.3019000550048,None,1032.3019000550048,None,1032.3019000550048,None,,,,,,1029.6808654600027,None,,,,,,,pilot,2020_ápr_28_2205,trk-encoding,2020.1.0,886.7818949838481,
,OBJ,TARGET,,stimuli/fractals/40a.jpg,-212.1320344,-212.1320344,1000,,17,None,,stimuli/fractals/40a.jpg,stimuli/fractals/40b.jpg,stimuli/fractals/40c.jpg,-212.1320344,-212.1320344,-300.0,0.0,0.0,-300.0,300.0,0.0,,,,,,1,,16.0,LLP,stimuli/fractals/40a.jpg,-212.1320344,-212.1320344,,,,,,,,,,,,,,,,,,,,,,,,,2,0,2,0,1,0,1,0,0,1,1,1,,,,,,,,,,,,,,,,,,,,,,,,,,,,,,,,,,,,,,,,,,,,,,,,,,,,,,,,,,,,,,,,,,,,,,,,,,,,,,,,,,,,,,,,,,,,,,,,,,,,,,,,,,,,,,,,,,,,,,,,,,,,,,,,,,,,,,,,,,,,,,,,,,,,,,,,,,,,,,,,,,,,,,,,,1036.2449085090047,None,1036.2449085090047,None,None,1036.2449085090047,None,1036.2449085090047,None,1036.2449085090047,None,1037.3172761390015,None,1037.3172761390015,None,None,1037.3172761390015,None,1037.3172761390015,None,1037.3172761390015,None,,,,,,,,,,,,,,pilot,2020_ápr_28_2205,trk-encoding,2020.1.0,886.7818949838481,
,OBJ,FOIL,,stimuli/fractals/95b.jpg,300.0,0.0,500,,18,None,,None,None,None,None,None,None,None,None,None,None,None,,,,,,1,,0.0,FOIL,None,0.0,0.0,,,,,,,,,,,,,,,,,,,,,,,,,2,0,2,0,1,0,1,0,0,2,2,2,,,,,,,,,,,,,,,,,,,,,,,,,,,,,,,,,,,,,,,,,,,,,,,,,,,,,,,,,,,,,,,,,,,,,,,,,,,,,,,,,,,,,,,,,,,,,,,,,,,,,,,,,,,,,,,,,,,,,,,,,,,,,,,,,,,,,,,,,,,,,,,,,,,,,,,,,,,,,,,,,,,,,,,,,1041.2574716809977,None,1041.2574716809977,None,None,1041.2574716809977,None,1041.2574716809977,None,1041.2574716809977,None,1041.8336405919981,None,1041.8336405919981,None,None,1041.8336405919981,None,1041.8336405919981,None,1041.8336405919981,None,,,,,,,,,,,,,,pilot,2020_ápr_28_2205,trk-encoding,2020.1.0,886.7818949838481,
,,,,,,,,,,,,,,,,,,,,,,,,,,,,,,,,,,,,,,,,,,,,,,,,,,,,,,,,,,,,,,,,,,,,,,,,,,,,,,,,,,,,,,,,,,,,,,,,,,,,,,,,,,,,,,,,,,,,,,,,,,,,,,,,,,,,,,,,,,,,,,,,,,,,,,,,,,,,,,,,,,,,,,,,,,,,,,,,,,,,,,,,,,,,,,,,,,,,,,,,,,,,,,,,,,,,,,,,,,,,,,,,,,,,,,,,,,,,,,,,,,,,,,,,,,,,,,,,,,,,,,,,,,,,1045.7762889540027,None,right,2.9030213730002288,1045.7762889540027,None,,,,,,
