Question,Answer,CorrectResponse,CorrectAnswer,IncorrectAnswer,InfoRepeated,Task,TrialType,StimType,Order,CurrentImage,CurrentX,CurrentY,Jitter,Section,TrialIndex,ScannerRun,Delay,TripletMemberA,TripletMemberB,TripletMemberC,Xcoordinate,Ycoordinate,Xcoordinate_lure1,Ycoordinate_lure1,Xcoordinate_lure2,Ycoordinate_lure2,Xcoordinate_foil,Ycoordinate_foil,DemoImage,DemoX,DemoY,InPractice,DemoText,BlockNr,Filler,EncodingTrialIndex,EncodingStimType,EncodingImage,EncodingXcoordinate,EncodingYcoordinate,comprehension_questions_1.thisRepN,comprehension_questions_1.thisTrialN,comprehension_questions_1.thisN,comprehension_questions_1.thisIndex,comprehension_questions_2.thisRepN,comprehension_questions_2.thisTrialN,comprehension_questions_2.thisN,comprehension_questions_2.thisIndex,enc_practice_trials.thisRepN,enc_practice_trials.thisTrialN,enc_practice_trials.thisN,enc_practice_trials.thisIndex,enc_runs.thisRepN,enc_runs.thisTrialN,enc_runs.thisN,enc_runs.thisIndex,enc_trials.thisRepN,enc_trials.thisTrialN,enc_trials.thisN,enc_trials.thisIndex,comprehension_enc_run.thisRepN,comprehension_enc_run.thisTrialN,comprehension_enc_run.thisN,comprehension_enc_run.thisIndex,comprehension_questions_3.thisRepN,comprehension_questions_3.thisTrialN,comprehension_questions_3.thisN,comprehension_questions_3.thisIndex,demo_trials.thisRepN,demo_trials.thisTrialN,demo_trials.thisN,demo_trials.thisIndex,rec_practice_blocks.thisRepN,rec_practice_blocks.thisTrialN,rec_practice_blocks.thisN,rec_practice_blocks.thisIndex,rec_practice_trials.thisRepN,rec_practice_trials.thisTrialN,rec_practice_trials.thisN,rec_practice_trials.thisIndex,rec_runs.thisRepN,rec_runs.thisTrialN,rec_runs.thisN,rec_runs.thisIndex,rec_blocks.thisRepN,rec_blocks.thisTrialN,rec_blocks.thisN,rec_blocks.thisIndex,rec_trials.thisRepN,rec_trials.thisTrialN,rec_trials.thisN,rec_trials.thisIndex,comprehension_end.thisRepN,comprehension_end.thisTrialN,comprehension_end.thisN,comprehension_end.thisIndex,experiment_information_text.started,experiment_information_text.stopped,experiment_information_key.keys,experiment_information_key.rt,experiment_information_key.started,experiment_information_key.stopped,experiment_information_continue.started,experiment_information_continue.stopped,comprehension_question_text.started,comprehension_question_text.stopped,comprehension_question_answers.started,comprehension_question_answers.stopped,comprehension_key.keys,comprehension_key.corr,comprehension_key.rt,comprehension_key.started,comprehension_key.stopped,comprehension_feedback_text.started,comprehension_feedback_text.stopped,comprehension_continue_key.keys,comprehension_continue_key.started,comprehension_continue_key.stopped,comprehension_continue_text.started,comprehension_continue_text.stopped,comprehension_repeat_text.started,comprehension_repeat_text.stopped,lab_thanks.started,lab_thanks.stopped,lab_key.keys,lab_key.rt,lab_key.started,lab_key.stopped,lab_introduction_continue.started,lab_introduction_continue.stopped,lab_members.started,lab_members.stopped,start_encoding_text.started,start_encoding_text.stopped,enc_instructions_1_text.started,enc_instructions_1_text.stopped,enc_instructions_1_image.started,enc_instructions_1_image.stopped,enc_instructions_1_key.keys,enc_instructions_1_key.rt,enc_instructions_1_key.started,enc_instructions_1_key.stopped,instructions_1_continue.started,instructions_1_continue.stopped,enc_instructions_2_text.started,enc_instructions_2_text.stopped,enc_instructions_2_image.started,enc_instructions_2_image.stopped,enc_instructions_2_key.keys,enc_instructions_2_key.rt,enc_instructions_2_key.started,enc_instructions_2_key.stopped,instructions_2_continue.started,instructions_2_continue.stopped,enc_instructions_3_text.started,enc_instructions_3_text.stopped,enc_instructions_3_key.keys,enc_instructions_3_key.rt,enc_instructions_3_key.started,enc_instructions_3_key.stopped,enc_instructions_3_continue.started,enc_instructions_3_continue.stopped,start_practice_text.started,start_practice_text.stopped,enc_fx_interior.started,enc_fx_interior.stopped,enc_fx_cross.started,enc_fx_cross.stopped,enc_fx_key.keys,enc_fx_key.started,enc_fx_key.stopped,enc_trial_interior.started,enc_trial_interior.stopped,enc_trial_main_image.started,enc_trial_main_image.stopped,enc_trial_key.keys,enc_trial_key.started,enc_trial_key.stopped,enc_practice_feedback_interior.started,enc_practice_feedback_interior.stopped,enc_practice_feedback_image.started,enc_practice_feedback_image.stopped,enc_practice_feedback_text.started,enc_practice_feedback_text.stopped,end_practice_text.started,end_practice_text.stopped,end_practice_key.keys,end_practice_key.rt,end_practice_key.started,end_practice_key.stopped,end_practice_continue.started,end_practice_continue.stopped,start_enc_run_text.started,start_enc_run_text.stopped,end_enc_run_text.started,end_enc_run_text.stopped,enc_run_end_key.keys,enc_run_end_key.rt,enc_run_end_key.started,enc_run_end_key.stopped,inter_task_break_continue.started,inter_task_break_continue.stopped,inter_task_break_text.started,inter_task_break_text.stopped,inter_task_break_key.keys,inter_task_break_key.rt,inter_task_break_key.started,inter_task_break_key.stopped,start_recognition_text.started,start_recognition_text.stopped,rec_instructions_1_text.started,rec_instructions_1_text.stopped,rec_instructions_1_key.keys,rec_instructions_1_key.rt,rec_instructions_1_key.started,rec_instructions_1_key.stopped,rec_instructions_1_continue.started,rec_instructions_1_continue.stopped,rec_instructions2_text.started,rec_instructions2_text.stopped,rec_instructions_2_key.keys,rec_instructions_2_key.rt,rec_instructions_2_key.started,rec_instructions_2_key.stopped,rec_instructions_2_continue.started,rec_instructions_2_continue.stopped,rec_instruction_2_title.started,rec_instruction_2_title.stopped,rec_instrauction_3_text.started,rec_instrauction_3_text.stopped,rec_instructions_3_key.keys,rec_instructions_3_key.rt,rec_instructions_3_key.started,rec_instructions_3_key.stopped,rec_instructions_3_continue.started,rec_instructions_3_continue.stopped,rec_instruction_3_title.started,rec_instruction_3_title.stopped,rec_instructions_4_text.started,rec_instructions_4_text.stopped,rec_instructions_4_key.keys,rec_instructions_4_key.rt,rec_instructions_4_key.started,rec_instructions_4_key.stopped,rec_instructions_4_continue.started,rec_instructions_4_continue.stopped,comprehension_continue_key.rt,demo_start_text.started,demo_start_text.stopped,demo_interior.started,demo_interior.stopped,demo_main_image.started,demo_main_image.stopped,demo_image.started,demo_image.stopped,demo_text.started,demo_text.stopped,demo_key.keys,demo_key.rt,demo_key.started,demo_key.stopped,demo_continue.started,demo_continue.stopped,demo_end_text.started,demo_end_text.stopped,demo_end_key.keys,demo_end_key.rt,demo_end_key.started,demo_end_key.stopped,demo_end_continue.started,demo_end_continue.stopped,rec_practice_block_text.started,rec_practice_block_text.stopped,rec_fx_interior.started,rec_fx_interior.stopped,rec_fx_cross.started,rec_fx_cross.stopped,rec_fx_key.keys,rec_fx_key.started,rec_fx_key.stopped,rec_fx_text_block.started,rec_fx_text_block.stopped,rec_fx_instructions_text.started,rec_fx_instructions_text.stopped,rec_trial_interior.started,rec_trial_interior.stopped,rec_trial_main_image.started,rec_trial_main_image.stopped,rec_trial_key.keys,rec_trial_key.rt,rec_trial_key.started,rec_trial_key.stopped,rec_trial_text_block.started,rec_trial_text_block.stopped,rec_trial_instructions_text.started,rec_trial_instructions_text.stopped,rec_practice_feedback_text.started,rec_practice_feedback_text.stopped,start_rec_run_text.started,start_rec_run_text.stopped,start_rec_block_text.started,start_rec_block_text.stopped,end_rec_run_text.started,end_rec_run_text.stopped,end_rec_run_key.keys,end_rec_run_key.rt,end_rec_run_key.started,end_rec_run_key.stopped,end_experiment_text.started,end_experiment_text.stopped,end_experiment_code.started,end_experiment_code.stopped,end_experiment_continue.started,end_experiment_continue.stopped,end_experiment_key.keys,end_experiment_key.rt,end_experiment_key.started,end_experiment_key.stopped,Azonosító kód*,A vizsgálat feltételeibe beleegyezem. (igen/nem)*,Az adatkezelési feltételeket elfogadom. (igen/nem)*,date,expName,psychopyVersion,frameRate,
,,,,,,,,,,,,,,,,,,,,,,,,,,,,,,,,,,,,,,,,,,,,,,,,,,,,,,,,,,,,,,,,,,,,,,,,,,,,,,,,,,,,,,,,,,,,,,,,,12.829177699997672,None,right,0.598510299998452,22.74185109999962,None,,,,,,,,,,,,,,,,,,,,,,,,,,,,,,,,,,,,,,,,,,,,,,,,,,,,,,,,,,,,,,,,,,,,,,,,,,,,,,,,,,,,,,,,,,,,,,,,,,,,,,,,,,,,,,,,,,,,,,,,,,,,,,,,,,,,,,,,,,,,,,,,,,,,,,,,,,,,,,,,,,,,,,,,,,,,,,,,,,,,,,,,,,,,,,,,,,,,,,,,,,,,,,,,,,,,,,,,,zz,i,i,2020_Jul_08_1755,TRK-online,2020.1.3,60.00074401139849,
Mennyi időt vesz igénybe a vizsgálat? Válaszát jelölje a megadott billentyűk egyikével. ,D:20-30 perc    F: 50-60 perc    J: 70-80 perc,f,A helyes válasz: 50-60 perc,A helyes válasz: 50-60 perc,"Kérjük, figyelmesen olvassa végig az alábbi instrukciókat!

A vizsgálathoz használjon asztali számítógépet vagy laptopot. A vizsgálat nem végezhető el mobil eszközön, például okostelefonon vagy táblagépen. A feladatok elvégzéséhez szüksége lesz működő billentyűzetre és stabil internet kapcsolatra. Az optimális eredmény elérése érdekében Google Chrome, Firefox vagy Safari böngésző használata javasolt. Kérjük, használja a teljes képernyő módot.
A kísérlet teljes körű, zavartalan figyelmet igényel. A vizsgálat két feladatból áll, és elvégzése 50-60 percet vesz igénybe. Bizonyosodjon meg róla, hogy elég időt tud szánni a vizsgálatra. Ügyeljen arra, hogy telefont, vagy más eszközöket közben ne használjon, és kerülje a másokkal való interakciót.

A vizsgálat két feladatból áll, melyek során absztrakt képeket kell kiválogatnia a megadott szempontok szerint. A feladatok alatt és a feladatok között is lesz lehetősége rövid pihenőt tartani. ",,,,,,,,,,,,,,,,,,,,,,,,,,,,,,,,,,,,0,0,0,0,,,,,,,,,,,,,,,,,,,,,,,,,,,,,,,,,,,,,,,,,,,,,,,,,,,,,,,,,,,22.74185109999962,None,23.391867699989234,None,23.391867699989234,None,f,1,1.6852802999928826,24.375156899986905,None,26.108461799987708,None,None,29.125028309988558,None,29.125028309988558,None,28.141787899992778,28.141787899992778,,,,,,,,,,,,,,,,,,,,,,,,,,,,,,,,,,,,,,,,,,,,,,,,,,,,,,,,,,,,,,,,,,,,,,,,,,,,,,,,,,,,,,,,,,,,,,,,,,,,,,,,,,,,,,,,,,,,,,,,,,,,,,,,,,,,,,,,,,,,,,,,,,,,,,,,,,,,,,,,,,,,,,,,,,,,,,,,,,,,,,,,,,,,,,,,,,,,,zz,i,i,2020_Jul_08_1755,TRK-online,2020.1.3,60.00074401139849,
"Megbizonyosodott róla, hogy biztosítottak a vizsgálat elvégzéséhez szükséges feltételek? Válaszát jelölje a megadott billentyűk egyikével. ","F: Nem, nincs lehetőségem nyugodt körülmények között elvégezni a feladatot.    J: Igen, körülményeim nyugodtak, az internet kapcsolat stabil, a feladatokra tudok szánni 60 percet.",j,Köszönjük!,"Bizonyosodjon meg róla, hogy elég időt tud a vizsgálatra szánni. ","Kérjük, figyelmesen olvassa végig az alábbi instrukciókat!

A vizsgálathoz használjon asztali számítógépet vagy laptopot. A vizsgálat nem végezhető el mobil eszközön, például okostelefonon vagy táblagépen. A feladatok elvégzéséhez szüksége lesz működő billentyűzetre és stabil internet kapcsolatra. Az optimális eredmény elérése érdekében Google Chrome, Firefox vagy Safari böngésző használata javasolt. Kérjük, használja a teljes képernyő módot.
A kísérlet teljes körű, zavartalan figyelmet igényel. A vizsgálat két feladatból áll, és elvégzése 50-60 percet vesz igénybe. Bizonyosodjon meg róla, hogy elég időt tud szánni a vizsgálatra. Ügyeljen arra, hogy telefont, vagy más eszközöket közben ne használjon, és kerülje a másokkal való interakciót.

A vizsgálat két feladatból áll, melyek során absztrakt képeket kell kiválogatnia a megadott szempontok szerint. A feladatok alatt és a feladatok között is lesz lehetősége rövid pihenőt tartani. ",,,,,,,,,,,,,,,,,,,,,,,,,,,,,,,,,,,,0,1,1,1,,,,,,,,,,,,,,,,,,,,,,,,,,,,,,,,,,,,,,,,,,,,,,,,,,,,,,,,,,,,,29.141702399996575,None,29.141702399996575,None,j,1,0.4393965999915963,30.125013099997886,None,30.591658199991798,None,None,33.57494520999317,None,33.57494520999317,None,32.59161289999611,32.59161289999611,,,,,,,,,,,,,,,,,,,,,,,,,,,,,,,,,,,,,,,,,,,,,,,,,,,,,,,,,,,,,,,,,,,,,,,,,,,,,,,,,,,,,,,,,,,,,,,,,,,,,,,,,,,,,,,,,,,,,,,,,,,,,,,,,,,,,,,,,,,,,,,,,,,,,,,,,,,,,,,,,,,,,,,,,,,,,,,,,,,,,,,,,,,,,,,,,,,,,zz,i,i,2020_Jul_08_1755,TRK-online,2020.1.3,60.00074401139849,
,,,,,,,,,,,,,,,,,,,,,,,,,,,,,,,,,,,,,,,,,,,,,,,,,,,,,,,,,,,,,,,,,,,,,,,,,,,,,,,,,,,,,,,,,,,,,,,,,,,,,,,,,,,,,,,,,,,,,,,,,,,33.59159479998925,None,right,3.5310297000105493,33.59159479998925,None,,,,,,,,,,,,,,,,,,,,,,,,,,,,,,,,,,,,,,,,,,,,,,,,,,,,,,,,,,,,,,,,,,,,,,,,,,,,,,,,,,,,,,,,,,,,,,,,,,,,,,,,,,,,,,,,,,,,,,,,,,,,,,,,,,,,,,,,,,,,,,,,,,,,,,,,,,,,,,,,,,,,,,,,,,,,,,,,,,,,,,,,,,,,,,,zz,i,i,2020_Jul_08_1755,TRK-online,2020.1.3,60.00074401139849,
,,,,,,,,,,,,,,,,,,,,,,,,,,,,,,,,,,,,,,,,,,,,,,,,,,,,,,,,,,,,,,,,,,,,,,,,,,,,,,,,,,,,,,,,,,,,,,,,,,,,,,,,,,,,,,,,,,,,,,,,,,,,,,,,,34.55826299999899,None,33.59159479998925,None,37.158190999994986,None,38.658122099994216,None,38.658122099994216,None,right,0.8030559999897378,43.64133969999966,None,,,,,,,,,,,,,,,,,,,,,,,,,,,,,,,,,,,,,,,,,,,,,,,,,,,,,,,,,,,,,,,,,,,,,,,,,,,,,,,,,,,,,,,,,,,,,,,,,,,,,,,,,,,,,,,,,,,,,,,,,,,,,,,,,,,,,,,,,,,,,,,,,,,,,,,,,,,,,,,,,,,,,,,,,,,,,,,,,zz,i,i,2020_Jul_08_1755,TRK-online,2020.1.3,60.00074401139849,
,,,,,,,,,,,,,,,,,,,,,,,,,,,,,,,,,,,,,,,,,,,,,,,,,,,,,,,,,,,,,,,,,,,,,,,,,,,,,,,,,,,,,,,,,,,,,,,,,,,,,,,,,,,,,,,,,,,,,,,,,,,,,,,,,,,,,,,,,,,,,,,43.64133969999966,None,44.47467679998954,None,44.47467679998954,None,right,0.5705537000030745,49.45788799998991,None,,,,,,,,,,,,,,,,,,,,,,,,,,,,,,,,,,,,,,,,,,,,,,,,,,,,,,,,,,,,,,,,,,,,,,,,,,,,,,,,,,,,,,,,,,,,,,,,,,,,,,,,,,,,,,,,,,,,,,,,,,,,,,,,,,,,,,,,,,,,,,,,,,,,,,,,,,,,,,,,,,,,,,,zz,i,i,2020_Jul_08_1755,TRK-online,2020.1.3,60.00074401139849,
,,,,,,,,,,,,,,,,,,,,,,,,,,,,,,,,,,,,,,,,,,,,,,,,,,,,,,,,,,,,,,,,,,,,,,,,,,,,,,,,,,,,,,,,,,,,,,,,,,,,,,,,,,,,,,,,,,,,,,,,,,,,,,,,,,,,,,,,,,,,,,,,,,,,,,,,,49.45788799998991,None,50.057866999995895,None,right,0.45133729999361094,55.0410630999977,None,,,,,,,,,,,,,,,,,,,,,,,,,,,,,,,,,,,,,,,,,,,,,,,,,,,,,,,,,,,,,,,,,,,,,,,,,,,,,,,,,,,,,,,,,,,,,,,,,,,,,,,,,,,,,,,,,,,,,,,,,,,,,,,,,,,,,,,,,,,,,,,,,,,,,,,,,,,,,,,zz,i,i,2020_Jul_08_1755,TRK-online,2020.1.3,60.00074401139849,
"Mely billentyű jelzi azokat a képeket, amelyek maradhatnak a galériában, a bemutatott helyen?",D billentyű    F billentyű   J billentyű    K billentyű,j,A helyes válasz: J billentyű.,A helyes válasz: J billentyű.,"Az első feladat nagyjából 25 percet vesz igénybe, közben két rövid szünettel. Ügyeljen, hogy ezek a szünetek ne legyenek 2 percnél hosszabbak. 

A 'J' billentyűvel jelölje azokat a képeket, amelyek maradhatnak a galériában, a bemutatott helyen.

Az 'F' billentyűvel jelölje a képeket, amelyek nem maradnak kiállítva a bemutatott helyen. ",,,,,,,,,,,,,,,,,,,,,,,,,,,,,,,,,,,,,,,,0,0,0,0,,,,,,,,,,,,,,,,,,,,,,,,,,,,,,,,,,,,,,,,,,,,,,,,,,,,,,,,,55.52437199999986,None,55.52437199999986,None,j,1,1.9126938999979757,56.50768409999728,None,58.457614300001296,None,None,61.457567809987815,None,61.457567809987815,None,60.47426689999702,60.47426689999702,,,,,,,,,,,,,,,,,,,,,,,,,,,,,,,,,,,,,,,55.0410630999977,None,,,,,,,,,,,,,,,,,,,,,,,,,,,,,,,,,,,,,,,,,,,,,,,,,,,,,,,,,,,,,,,,,,,,,,,,,,,,,,,,,,,,,,,,,,,,,,,,,,,,,,,,,,,,,,,,,,,,,,,,,,,,,,,,,,,,,,,,,,,,,,,,,,,,,,,,,,,,,zz,i,i,2020_Jul_08_1755,TRK-online,2020.1.3,60.00074401139849,
"Mely billentyű jelzi azokat a képeket, amelyek nem maradhatnak a bemutatott helyen?",D billentyű    F billentyű   J billentyű    K billentyű,f,A helyes válasz: F billentyű,A helyes válasz: F billentyű,"Az első feladat nagyjából 25 percet vesz igénybe, közben két rövid szünettel. Ügyeljen, hogy ezek a szünetek ne legyenek 2 percnél hosszabbak. 

A 'J' billentyűvel jelölje azokat a képeket, amelyek maradhatnak a galériában, a bemutatott helyen.

Az 'F' billentyűvel jelölje a képeket, amelyek nem maradnak kiállítva a bemutatott helyen. ",,,,,,,,,,,,,,,,,,,,,,,,,,,,,,,,,,,,,,,,0,1,1,1,,,,,,,,,,,,,,,,,,,,,,,,,,,,,,,,,,,,,,,,,,,,,,,,,,,,,,,,,61.45755909998843,None,61.45755909998843,None,f,1,0.29100349999498576,62.457538599992404,None,62.79086319998896,None,None,65.77412680998677,None,65.77412680998677,None,64.79083809998701,64.79083809998701,,,,,,,,,,,,,,,,,,,,,,,,,,,,,,,,,,,,,,,,,,,,,,,,,,,,,,,,,,,,,,,,,,,,,,,,,,,,,,,,,,,,,,,,,,,,,,,,,,,,,,,,,,,,,,,,,,,,,,,,,,,,,,,,,,,,,,,,,,,,,,,,,,,,,,,,,,,,,,,,,,,,,,,,,,,,,,,,,,,,,,,,,,,,,,,,,,,,,zz,i,i,2020_Jul_08_1755,TRK-online,2020.1.3,60.00074401139849,
,,,,,,EncodingPractice,OBJ,LURE,1,stimuli/fractals/166a.jpg,-75,225,1500,Encoding,,,,,,,,,,,,,,,,,,,,,,,,,,,,,,,,,,,0,0,0,0,,,,,,,,,,,,,,,,,,,,,,,,,,,,,,,,,,,,,,,,,,,,,,,,,,,,,,,,,,,,,,,,,,,,,,,,,,,,,,,,,,,,,,,,,,,,,,,,,,,,,,,,,,,,,,,65.77414039999712,None,66.79078009999648,None,66.79078009999648,None,None,66.79078009999648,None,68.32368819999101,None,68.32368819999101,None,None,68.32368819999101,None,71.34042889998818,None,71.34042889998818,None,71.34042889998818,None,,,,,,,,,,,,,,,,,,,,,,,,,,,,,,,,,,,,,,,,,,,,,,,,,,,,,,,,,,,,,,,,,,,,,,,,,,,,,,,,,,,,,,,,,,,,,,,,,,,,,,,,,,,,,,,,,,,,,,,,,,,,,,,,,,,,,,,zz,i,i,2020_Jul_08_1755,TRK-online,2020.1.3,60.00074401139849,
,,,,,,EncodingPractice,OBJ,TARGET,1,stimuli/fractals/167a.jpg,225,225,500,Encoding,,,,,,,,,,,,,,,,,,,,,,,,,,,,,,,,,,,0,1,1,1,,,,,,,,,,,,,,,,,,,,,,,,,,,,,,,,,,,,,,,,,,,,,,,,,,,,,,,,,,,,,,,,,,,,,,,,,,,,,,,,,,,,,,,,,,,,,,,,,,,,,,,,,,,,,,,,,72.30709550000029,None,72.30709550000029,None,None,72.30709550000029,None,72.8237175999966,None,72.8237175999966,None,None,72.8237175999966,None,75.84030279998842,None,75.84030279998842,None,75.84030279998842,None,,,,,,,,,,,,,,,,,,,,,,,,,,,,,,,,,,,,,,,,,,,,,,,,,,,,,,,,,,,,,,,,,,,,,,,,,,,,,,,,,,,,,,,,,,,,,,,,,,,,,,,,,,,,,,,,,,,,,,,,,,,,,,,,,,,,,,,zz,i,i,2020_Jul_08_1755,TRK-online,2020.1.3,60.00074401139849,
,,,,,,EncodingPractice,OBJ,FOIL,1,stimuli/fractals/149a.jpg,225,-75,1000,Encoding,,,,,,,,,,,,,,,,,,,,,,,,,,,,,,,,,,,0,2,2,2,,,,,,,,,,,,,,,,,,,,,,,,,,,,,,,,,,,,,,,,,,,,,,,,,,,,,,,,,,,,,,,,,,,,,,,,,,,,,,,,,,,,,,,,,,,,,,,,,,,,,,,,,,,,,,,,,76.82360239999252,None,76.82360239999252,None,None,76.82360239999252,None,77.84026579999772,None,77.84026579999772,None,None,77.84026579999772,None,80.85683499999868,None,80.85683499999868,None,80.85683499999868,None,,,,,,,,,,,,,,,,,,,,,,,,,,,,,,,,,,,,,,,,,,,,,,,,,,,,,,,,,,,,,,,,,,,,,,,,,,,,,,,,,,,,,,,,,,,,,,,,,,,,,,,,,,,,,,,,,,,,,,,,,,,,,,,,,,,,,,,zz,i,i,2020_Jul_08_1755,TRK-online,2020.1.3,60.00074401139849,
,,,,,,EncodingPractice,LOC,FOIL,1,stimuli/fractals/148b.jpg,225,-75,1000,Encoding,,,,,,,,,,,,,,,,,,,,,,,,,,,,,,,,,,,0,3,3,3,,,,,,,,,,,,,,,,,,,,,,,,,,,,,,,,,,,,,,,,,,,,,,,,,,,,,,,,,,,,,,,,,,,,,,,,,,,,,,,,,,,,,,,,,,,,,,,,,,,,,,,,,,,,,,,,,81.8401523999928,None,81.8401523999928,None,None,81.8401523999928,None,82.85678299999563,None,82.85678299999563,None,None,82.85678299999563,None,85.87337529999786,None,85.87337529999786,None,85.87337529999786,None,,,,,,,,,,,,,,,,,,,,,,,,,,,,,,,,,,,,,,,,,,,,,,,,,,,,,,,,,,,,,,,,,,,,,,,,,,,,,,,,,,,,,,,,,,,,,,,,,,,,,,,,,,,,,,,,,,,,,,,,,,,,,,,,,,,,,,,zz,i,i,2020_Jul_08_1755,TRK-online,2020.1.3,60.00074401139849,
,,,,,,EncodingPractice,LOC,LURE,1,stimuli/fractals/159a.jpg,-375,225,5000,Encoding,,,,,,,,,,,,,,,,,,,,,,,,,,,,,,,,,,,0,4,4,4,,,,,,,,,,,,,,,,,,,,,,,,,,,,,,,,,,,,,,,,,,,,,,,,,,,,,,,,,,,,,,,,,,,,,,,,,,,,,,,,,,,,,,,,,,,,,,,,,,,,,,,,,,,,,,,,,86.85668779999833,None,86.85668779999833,None,None,86.85668779999833,None,91.87321679999877,None,91.87321679999877,None,None,91.87321679999877,None,94.88984929998696,None,94.88984929998696,None,94.88984929998696,None,,,,,,,,,,,,,,,,,,,,,,,,,,,,,,,,,,,,,,,,,,,,,,,,,,,,,,,,,,,,,,,,,,,,,,,,,,,,,,,,,,,,,,,,,,,,,,,,,,,,,,,,,,,,,,,,,,,,,,,,,,,,,,,,,,,,,,,zz,i,i,2020_Jul_08_1755,TRK-online,2020.1.3,60.00074401139849,
,,,,,,EncodingPractice,OBJ,LURE,1,stimuli/fractals/177b.jpg,-375,225,800,Encoding,,,,,,,,,,,,,,,,,,,,,,,,,,,,,,,,,,,0,5,5,5,,,,,,,,,,,,,,,,,,,,,,,,,,,,,,,,,,,,,,,,,,,,,,,,,,,,,,,,,,,,,,,,,,,,,,,,,,,,,,,,,,,,,,,,,,,,,,,,,,,,,,,,,,,,,,,,,95.87316369998734,None,95.87316369998734,None,None,95.87316369998734,None,96.6898508999875,None,96.6898508999875,None,None,96.6898508999875,None,99.70636919999379,None,99.70636919999379,None,99.70636919999379,None,,,,,,,,,,,,,,,,,,,,,,,,,,,,,,,,,,,,,,,,,,,,,,,,,,,,,,,,,,,,,,,,,,,,,,,,,,,,,,,,,,,,,,,,,,,,,,,,,,,,,,,,,,,,,,,,,,,,,,,,,,,,,,,,,,,,,,,zz,i,i,2020_Jul_08_1755,TRK-online,2020.1.3,60.00074401139849,
,,,,,,EncodingPractice,-,-,1,stimuli/fractals/181c.jpg,-75,-75,3000,Encoding,,,,,,,,,,,,,,,,,,,,,,,,,,,,,,,,,,,0,6,6,6,,,,,,,,,,,,,,,,,,,,,,,,,,,,,,,,,,,,,,,,,,,,,,,,,,,,,,,,,,,,,,,,,,,,,,,,,,,,,,,,,,,,,,,,,,,,,,,,,,,,,,,,,,,,,,,,,100.68966340000043,None,100.68966340000043,None,None,100.68966340000043,None,103.70626969999284,None,103.70626969999284,None,None,103.70626969999284,None,106.72285869999905,None,106.72285869999905,None,106.72285869999905,None,,,,,,,,,,,,,,,,,,,,,,,,,,,,,,,,,,,,,,,,,,,,,,,,,,,,,,,,,,,,,,,,,,,,,,,,,,,,,,,,,,,,,,,,,,,,,,,,,,,,,,,,,,,,,,,,,,,,,,,,,,,,,,,,,,,,,,,zz,i,i,2020_Jul_08_1755,TRK-online,2020.1.3,60.00074401139849,
,,,,,,EncodingPractice,-,-,1,stimuli/fractals/163a.jpg,-225,-225,800,Encoding,,,,,,,,,,,,,,,,,,,,,,,,,,,,,,,,,,,0,7,7,7,,,,,,,,,,,,,,,,,,,,,,,,,,,,,,,,,,,,,,,,,,,,,,,,,,,,,,,,,,,,,,,,,,,,,,,,,,,,,,,,,,,,,,,,,,,,,,,,,,,,,,,,,,,,,,,,,107.70617529998708,None,107.70617529998708,None,None,107.70617529998708,None,108.52282099999138,None,108.52282099999138,None,None,108.52282099999138,None,111.53941699999268,None,111.53941699999268,None,111.53941699999268,None,,,,,,,,,,,,,,,,,,,,,,,,,,,,,,,,,,,,,,,,,,,,,,,,,,,,,,,,,,,,,,,,,,,,,,,,,,,,,,,,,,,,,,,,,,,,,,,,,,,,,,,,,,,,,,,,,,,,,,,,,,,,,,,,,,,,,,,zz,i,i,2020_Jul_08_1755,TRK-online,2020.1.3,60.00074401139849,
,,,,,,EncodingPractice,LOC,TARGET,1,stimuli/fractals/166a.jpg,-75,225,1500,Encoding,,,,,,,,,,,,,,,,,,,,,,,,,,,,,,,,,,,0,8,8,8,,,,,,,,,,,,,,,,,,,,,,,,,,,,,,,,,,,,,,,,,,,,,,,,,,,,,,,,,,,,,,,,,,,,,,,,,,,,,,,,,,,,,,,,,,,,,,,,,,,,,,,,,,,,,,,,,112.5227462999901,None,112.5227462999901,None,None,112.5227462999901,None,114.03933269999106,None,114.03933269999106,None,None,114.03933269999106,None,117.05591949999507,None,117.05591949999507,None,117.05591949999507,None,,,,,,,,,,,,,,,,,,,,,,,,,,,,,,,,,,,,,,,,,,,,,,,,,,,,,,,,,,,,,,,,,,,,,,,,,,,,,,,,,,,,,,,,,,,,,,,,,,,,,,,,,,,,,,,,,,,,,,,,,,,,,,,,,,,,,,,zz,i,i,2020_Jul_08_1755,TRK-online,2020.1.3,60.00074401139849,
,,,,,,,,,,,,,,,,,,,,,,,,,,,,,,,,,,,,,,,,,,,,,,,,,,,,,,,,,,,,,,,,,,,,,,,,,,,,,,,,,,,,,,,,,,,,,,,,,,,,,,,,,,,,,,,,,,,,,,,,,,,,,,,,,,,,,,,,,,,,,,,,,,,,,,,,,,,,,,,,,,,,,,,,,,,,,,,,,,,,,,,,,118.03922569999122,None,right,0.9984390000026906,119.00587769999402,None,,,,,,,,,,,,,,,,,,,,,,,,,,,,,,,,,,,,,,,,,,,,,,,,,,,,,,,,,,,,,,,,,,,,,,,,,,,,,,,,,,,,,,,,,,,,,,,,,,,,,,,,,,,,,,,,,,,,,,,,,,,,,,,,,zz,i,i,2020_Jul_08_1755,TRK-online,2020.1.3,60.00074401139849,
,,,,,,,,OLP,1.0,stimuli/fractals/46b.jpg,375.0,225.0,2000.0,,1.0,1.0,3.0,stimuli/fractals/46b.jpg,stimuli/fractals/46a.jpg,stimuli/fractals/46c.jpg,375,225,375,75,225,225,-225,-225,,,,,,,,,,,,,,,,,,,,,,,,,0,0,0,0,0,0,0,0,,,,,,,,,,,,,,,,,,,,,,,,,,,,,,,,,,,,,,,,,,,,,,,,,,,,,,,,,,,,,,,,,,,,,,,,,,,,,,,,,,,,,,,,,,,,,,,,,,,,,,,,,122.05590749999101,None,122.05590749999101,None,None,122.05590749999101,None,124.0889746999892,None,124.0889746999892,None,None,124.0889746999892,None,,,,,,,,,,,,,119.00587769999402,None,120.02254739998898,None,,,,,,,,,,,,,,,,,,,,,,,,,,,,,,,,,,,,,,,,,,,,,,,,,,,,,,,,,,,,,,,,,,,,,,,,,,,,,,,,,,,,,,,,,,,,,,,,,,,,,,,,,,,,,,,,,,,,,,,,,,,,,zz,i,i,2020_Jul_08_1755,TRK-online,2020.1.3,60.00074401139849,
,,,,,,,,OLP,1.0,stimuli/fractals/70b.jpg,375.0,-75.0,6000.0,,2.0,1.0,3.0,stimuli/fractals/70b.jpg,stimuli/fractals/70a.jpg,stimuli/fractals/70c.jpg,375,-75,375,75,375,-225,-225,75,,,,,,,,,,,,,,,,,,,,,,,,,0,0,0,0,0,1,1,1,,,,,,,,,,,,,,,,,,,,,,,,,,,,,,,,,,,,,,,,,,,,,,,,,,,,,,,,,,,,,,,,,,,,,,,,,,,,,,,,,,,,,,,,,,,,,,,,,,,,,,,,,127.07221119999303,None,127.07221119999303,None,None,127.07221119999303,None,133.10539599999902,None,133.10539599999902,None,None,133.10539599999902,None,,,,,,,,,,,,,,,,,,,,,,,,,,,,,,,,,,,,,,,,,,,,,,,,,,,,,,,,,,,,,,,,,,,,,,,,,,,,,,,,,,,,,,,,,,,,,,,,,,,,,,,,,,,,,,,,,,,,,,,,,,,,,,,,,,,,,,,,,,,,,zz,i,i,2020_Jul_08_1755,TRK-online,2020.1.3,60.00074401139849,
,,,,,,,,LLP,1.0,stimuli/fractals/60a.jpg,75.0,-75.0,2000.0,,3.0,1.0,5.0,stimuli/fractals/60a.jpg,stimuli/fractals/60b.jpg,stimuli/fractals/60c.jpg,75,-75,225,-75,-75,-75,-375,225,,,,,,,,,,,,,,,,,,,,,,,,,0,0,0,0,0,2,2,2,,,,,,,,,,,,,,,,,,,,,,,,,,,,,,,,,,,,,,,,,,,,,,,,,,,,,,,,,,,,,,,,,,,,,,,,,,,,,,,,,,,,,,,,,,,,,,,,,,,,,,,,,136.08866219999618,None,136.08866219999618,None,None,136.08866219999618,None,138.12194679999084,None,138.12194679999084,None,None,138.12194679999084,None,,,,,,,,,,,,,,,,,,,,,,,,,,,,,,,,,,,,,,,,,,,,,,,,,,,,,,,,,,,,,,,,,,,,,,,,,,,,,,,,,,,,,,,,,,,,,,,,,,,,,,,,,,,,,,,,,,,,,,,,,,,,,,,,,,,,,,,,,,,,,zz,i,i,2020_Jul_08_1755,TRK-online,2020.1.3,60.00074401139849,
,,,,,,,,ERP,1.0,stimuli/fractals/3b.jpg,-75.0,225.0,1000.0,,4.0,1.0,2.0,stimuli/fractals/3b.jpg,stimuli/fractals/3c.jpg,stimuli/fractals/3a.jpg,-75,225,-75,75,-225,225,375,-225,,,,,,,,,,,,,,,,,,,,,,,,,1,0,1,0,0,0,0,0,,,,,,,,,,,,,,,,,,,,,,,,,,,,,,,,,,,,,,,,,,,,,147.85503880000033,None,147.85503880000033,None,k,1,1.2939722000010079,148.8383613999904,None,150.1549662999896,None,None,153.13822240998851,None,153.13822240998851,None,152.15492459999223,152.15492459999223,,,,,,,,,,,,,,,,,,,,,,,,,,,,,,,,,,,,,,,,,,,160.6380724999908,None,160.6380724999908,None,None,160.6380724999908,None,161.65473239999847,None,161.65473239999847,None,None,161.65473239999847,None,,,,,,,,,,,,,,,158.58812989998842,None,153.13825969999016,None,right,5.432121400008327,153.13825969999016,None,,,,,,,,,,,,,,,,,,,,,,,,,,,,,,,,,,,,,,,,,,,,,,,,,,,,,,,,,,,,,,,,,,,,,,,,,,,,,,,,,,,,,,,,,,,,,,,,,,,,,,,,,,,,,,,,,,,,,,,zz,i,i,2020_Jul_08_1755,TRK-online,2020.1.3,60.00074401139849,
,,,,,,,,OLP,2.0,stimuli/fractals/46a.jpg,375.0,225.0,5000.0,,5.0,1.0,0.0,stimuli/fractals/46b.jpg,stimuli/fractals/46a.jpg,stimuli/fractals/46c.jpg,375,225,375,75,225,225,-225,-225,,,,,,,,,,,,,,,,,,,,,,,,,1,0,1,0,0,1,1,1,,,,,,,,,,,,,,,,,,,,,,,,,,,,,,,,,,,,,,,,,,,,,,,,,,,,,,,,,,,,,,,,,,,,,,,,,,,,,,,,,,,,,,,,,,,,,,,,,,,,,,,,,164.65462789998855,None,164.65462789998855,None,None,164.65462789998855,None,169.68798029999016,None,169.68798029999016,None,None,169.68798029999016,None,,,,,,,,,,,,,,,,,,,,,,,,,,,,,,,,,,,,,,,,,,,,,,,,,,,,,,,,,,,,,,,,,,,,,,,,,,,,,,,,,,,,,,,,,,,,,,,,,,,,,,,,,,,,,,,,,,,,,,,,,,,,,,,,,,,,,,,,,,,,,zz,i,i,2020_Jul_08_1755,TRK-online,2020.1.3,60.00074401139849,
,,,,,,,,OLP,2.0,stimuli/fractals/70a.jpg,375.0,-75.0,3000.0,,6.0,1.0,0.0,stimuli/fractals/70b.jpg,stimuli/fractals/70a.jpg,stimuli/fractals/70c.jpg,375,-75,375,75,375,-225,-225,75,,,,,,,,,,,,,,,,,,,,,,,,,1,0,1,0,0,2,2,2,,,,,,,,,,,,,,,,,,,,,,,,,,,,,,,,,,,,,,,,,,,,,,,,,,,,,,,,,,,,,,,,,,,,,,,,,,,,,,,,,,,,,,,,,,,,,,,,,,,,,,,,,172.67121079999197,None,172.67121079999197,None,None,172.67121079999197,None,175.68784600000072,None,175.68784600000072,None,None,175.68784600000072,None,,,,,,,,,,,,,,,,,,,,,,,,,,,,,,,,,,,,,,,,,,,,,,,,,,,,,,,,,,,,,,,,,,,,,,,,,,,,,,,,,,,,,,,,,,,,,,,,,,,,,,,,,,,,,,,,,,,,,,,,,,,,,,,,,,,,,,,,,,,,,zz,i,i,2020_Jul_08_1755,TRK-online,2020.1.3,60.00074401139849,
,,,,,,,,ERP,2.0,stimuli/fractals/3b.jpg,-75.0,225.0,6000.0,,7.0,1.0,0.0,stimuli/fractals/3b.jpg,stimuli/fractals/3c.jpg,stimuli/fractals/3a.jpg,-75,225,-75,75,-225,225,375,-225,,,,,,,,,,,,,,,,,,,,,,,,,2,0,2,0,0,0,0,0,,,,,,,,,,,,,,,,,,,,,,,,,,,,,,,,,,,,,,,,,,,,,186.80447259999346,None,186.80447259999346,None,k,1,1.8638260000006994,187.80440670000098,None,189.6876990999881,None,None,192.67096440999885,None,192.67096440999885,None,191.68762969999807,191.68762969999807,,,,,,,,,,,,,,,,,,,,,,,,,,,,,,,,,,,,,,,,,,,204.12066589998722,None,204.12066589998722,None,None,204.12066589998722,None,210.13680829999794,None,210.13680829999794,None,None,210.13680829999794,None,,,,,,,,,,,,,,,202.08737609999662,None,192.67095269999118,None,right,9.395792299997993,192.67095269999118,None,,,,,,,,,,,,,,,,,,,,,,,,,,,,,,,,,,,,,,,,,,,,,,,,,,,,,,,,,,,,,,,,,,,,,,,,,,,,,,,,,,,,,,,,,,,,,,,,,,,,,,,,,,,,,,,,,,,,,,,zz,i,i,2020_Jul_08_1755,TRK-online,2020.1.3,60.00074401139849,
,,,,,,,,ERP,1.0,stimuli/fractals/55a.jpg,-75.0,-75.0,2000.0,,8.0,1.0,5.0,stimuli/fractals/55a.jpg,stimuli/fractals/55c.jpg,stimuli/fractals/55b.jpg,-75,-75,75,-75,-75,75,375,225,,,,,,,,,,,,,,,,,,,,,,,,,2,0,2,0,0,1,1,1,,,,,,,,,,,,,,,,,,,,,,,,,,,,,,,,,,,,,,,,,,,,,,,,,,,,,,,,,,,,,,,,,,,,,,,,,,,,,,,,,,,,,,,,,,,,,,,,,,,,,,,,,213.13676799999666,None,213.13676799999666,None,None,213.13676799999666,None,215.17001649999293,None,215.17001649999293,None,None,215.17001649999293,None,,,,,,,,,,,,,,,,,,,,,,,,,,,,,,,,,,,,,,,,,,,,,,,,,,,,,,,,,,,,,,,,,,,,,,,,,,,,,,,,,,,,,,,,,,,,,,,,,,,,,,,,,,,,,,,,,,,,,,,,,,,,,,,,,,,,,,,,,,,,,zz,i,i,2020_Jul_08_1755,TRK-online,2020.1.3,60.00074401139849,
,,,,,,,,LLP,2.0,stimuli/fractals/60a.jpg,225.0,-75.0,2000.0,,9.0,1.0,0.0,stimuli/fractals/60a.jpg,stimuli/fractals/60b.jpg,stimuli/fractals/60c.jpg,75,-75,225,-75,-75,-75,-375,225,,,,,,,,,,,,,,,,,,,,,,,,,2,0,2,0,0,2,2,2,,,,,,,,,,,,,,,,,,,,,,,,,,,,,,,,,,,,,,,,,,,,,,,,,,,,,,,,,,,,,,,,,,,,,,,,,,,,,,,,,,,,,,,,,,,,,,,,,,,,,,,,,218.15328879999288,None,218.15328879999288,None,None,218.15328879999288,None,220.16990059999807,None,220.16990059999807,None,None,220.16990059999807,None,,,,,,,,,,,,,,,,,,,,,,,,,,,,,,,,,,,,,,,,,,,,,,,,,,,,,,,,,,,,,,,,,,,,,,,,,,,,,,,,,,,,,,,,,,,,,,,,,,,,,,,,,,,,,,,,,,,,,,,,,,,,,,,,,,,,,,,,,,,,,zz,i,i,2020_Jul_08_1755,TRK-online,2020.1.3,60.00074401139849,
,,,,,,,,,,,,,,,,,,,,,,,,,,,,,,,,,,,,,,,,,,,,,,,,,,,,,,,,,,,,,,,,,,,,,,,,,,,,,,,,,,,,,,,,,,,,,,,,,,,,,,,,,228.25302009998995,None,228.25302009998995,None,k,1,15.775931800002581,229.23633049998898,None,245.03632279999147,None,None,248.01957920999266,None,248.01957920999266,None,247.03625379998994,247.03625379998994,,,,,,,,,,,,,,,,,,,,,,,,,,,,,,,,,,,,,,,,,,,,,,,,,,,,,,,,,,,,,,,,,,,,,,,,,248.0195715999871,None,right,4.998928300003172,248.0195715999871,None,258.0193197999906,None,253.03612129999965,None,right,4.2808855999901425,258.0193197999906,None,,,,,,,,,,,,,,,,,,,,,,,,,,,,,,,,,,,,,,,,,,,,,,,,,,,,,,,,,,,,,,,,,,,,,,,,,,,,,,,,,,,,,,,,,,,,,,,,,,,,,,,,,,,,,,,zz,i,i,2020_Jul_08_1755,TRK-online,2020.1.3,60.00074401139849,
,,,,,,,,,,,,,,,,,,,,,,,,,,,,,,,,,,,,,,,,,,,,,,,,,,,,,,,,,,,,,,,,,,,,,,,,,,,,,,,,,,,,,,,,,,,,,,,,,,,,,,,,,,,,,,,,,,,,,,,,,,,,,,,,,,,,,,,,,,,,,,,,,,,,,,,,,,,,,,,,,,,,,,,,,,,,,,,,,,,,,,,,,,,,,,,,,,,,,,,,,,,,,,,,,262.3192371999903,None,264.31916299999284,None,right,1.3501111999939894,269.3023700999911,None,,,,,,,,,,,,,,,,,,,,,,,,,,,,,,,,,,,,,,,,,,,,,,,,,,,,,,,,,,,,,,,,,,,,,,,,,,,,,,,,,,,,,,,,,,,,,,,,,,,,,,,zz,i,i,2020_Jul_08_1755,TRK-online,2020.1.3,60.00074401139849,
,,,,,,,,,,,,,,,,,,,,,,,,,,,,,,,,,,,,,,,,,,,,,,,,,,,,,,,,,,,,,,,,,,,,,,,,,,,,,,,,,,,,,,,,,,,,,,,,,,,,,,,,,,,,,,,,,,,,,,,,,,,,,,,,,,,,,,,,,,,,,,,,,,,,,,,,,,,,,,,,,,,,,,,,,,,,,,,,,,,,,,,,,,,,,,,,,,,,,,,,,,,,,,,,,,,,,,,,,269.3023700999911,None,270.6690319999907,None,right,6.415967500011902,275.65220489999047,None,,,,,,,,,,,,,,,,,,,,,,,,,,,,,,,,,,,,,,,,,,,,,,,,,,,,,,,,,,,,,,,,,,,,,,,,,,,,,,,,,,,,,,,,,,,,,,,zz,i,i,2020_Jul_08_1755,TRK-online,2020.1.3,60.00074401139849,
,,,,,,,,,,,,,,,,,,,,,,,,,,,,,,,,,,,,,,,,,,,,,,,,,,,,,,,,,,,,,,,,,,,,,,,,,,,,,,,,,,,,,,,,,,,,,,,,,,,,,,,,,,,,,,,,,,,,,,,,,,,,,,,,,,,,,,,,,,,,,,,,,,,,,,,,,,,,,,,,,,,,,,,,,,,,,,,,,,,,,,,,,,,,,,,,,,,,,,,,,,,,,,,,,,,,,,,,,,,,,,,,,275.65220489999047,None,270.6690319999907,None,282.0853910000005,None,right,2.5675269000057597,287.06862379999075,None,,,,,,,,,,,,,,,,,,,,,,,,,,,,,,,,,,,,,,,,,,,,,,,,,,,,,,,,,,,,,,,,,,,,,,,,,,,,,,,,,,,,,zz,i,i,2020_Jul_08_1755,TRK-online,2020.1.3,60.00074401139849,
,,,,,,,,,,,,,,,,,,,,,,,,,,,,,,,,,,,,,,,,,,,,,,,,,,,,,,,,,,,,,,,,,,,,,,,,,,,,,,,,,,,,,,,,,,,,,,,,,,,,,,,,,,,,,,,,,,,,,,,,,,,,,,,,,,,,,,,,,,,,,,,,,,,,,,,,,,,,,,,,,,,,,,,,,,,,,,,,,,,,,,,,,,,,,,,,,,,,,,,,,,,,,,,,,,,,,,,,,,,,,,,,,,,,,,,,,,,287.06862379999075,None,282.0853910000005,None,289.65189689998806,None,right,3.5609875000081956,290.63518679999106,None,,,,,,,,,,,,,,,,,,,,,,,,,,,,,,,,,,,,,,,,,,,,,,,,,,,,,,,,,,,,,,,,,,,,,,,,,,,zz,i,i,2020_Jul_08_1755,TRK-online,2020.1.3,60.00074401139849,
Hány másodperce lesz a döntésre egy-egy képről?,D: 2mp    F: 3mp    J: 4mp   K: 5mp,j,A helyes válasz 4 mp. ,A helyes válasz 4 mp. ,"A döntésre 4 másodperce lesz.
Minden képet nézzen meg figyelmesen, és minden képre adjon választ, akkor is, ha a döntés nehéz.

A döntését így jelölje:
Régi - F
Új – J",,,,,,,,,,,,,,,,,,,,,,,,,,,,,,,,,,,,,,,,,,,,,,,,,,,,,,,,,,,,0,0,0,0,,,,,,,,,,,,,,,,,,,,,,,,,,,,,,,,,,,,,294.25174939999124,None,294.25174939999124,None,k,0,2.4572405999933835,295.2350612000009,None,297.718335499987,None,right,300.71827259998827,None,300.71827259998827,None,299.7349857999943,None,,,,,,,,,,,,,,,,,,,,,,,,,,,,,,,,,,,,,,,,,,,,,,,,,,,,,,,,,,,,,,,,,,,,,,,,,,,,,,,,,,,,,,,,,,,,,,,,,,,,,,,,,,,,,,,,,,,,,,,,,,,290.63518679999106,None,3.3818685000005644,,,,,,,,,,,,,,,,,,,,,,,,,,,,,,,,,,,,,,,,,,,,,,,,,,,,,,,,,,,,,,,,,,,,,,,,zz,i,i,2020_Jul_08_1755,TRK-online,2020.1.3,60.00074401139849,
"Mely billenytűvel jelzi azokat a képeket, amely ugyanolyan, mint egy első feladatban látott kép? ",D billentyű    F billentyű   J billentyű    K billentyű,f,A helyes válasz: F billentyű.,A helyes válasz: F billentyű.,"A döntésre 4 másodperce lesz.
Minden képet nézzen meg figyelmesen, és minden képre adjon választ, akkor is, ha a döntés nehéz.

A döntését így jelölje:
Régi - F
Új – J",,,,,,,,,,,,,,,,,,,,,,,,,,,,,,,,,,,,,,,,,,,,,,,,,,,,,,,,,,,,0,1,1,1,,,,,,,,,,,,,,,,,,,,,,,,,,,,,,,,,,,,,304.1348747000011,None,304.1348747000011,None,k,0,3.213947999989614,305.1181748999952,None,308.3680335999961,None,right,311.3513384999969,None,311.3513384999969,None,310.3680514000007,None,,,,,,,,,,,,,,,,,,,,,,,,,,,,,,,,,,,,,,,,,,,,,,,,,,,,,,,,,,,,,,,,,,,,,,,,,,,,,,,,,,,,,,,,,,,,,,,,,,,,,,,,,,,,,,,,,,,,,,,,,,,,,2.892744099997799,,,,,,,,,,,,,,,,,,,,,,,,,,,,,,,,,,,,,,,,,,,,,,,,,,,,,,,,,,,,,,,,,,,,,,,,zz,i,i,2020_Jul_08_1755,TRK-online,2020.1.3,60.00074401139849,
,,,,,,Demo,OBJ,TARGET,,stimuli/fractals/163a.jpg,-225,-225,800,,,,,,,,,,,,,,,,None,None,None,None,Régi Kép,,,,,,,,,,,,,,,,,,,,,,,,,,,,,,,,,,,,0,0,0,0,,,,,,,,,,,,,,,,,,,,,,,,,,,,,,,,,,,,,,,,,,,,,,,,,,,,,,,,,,,,,,,,,,,,,,,,,,,,,,,,,,,,,,,,,,,,,,,,,,,,,,,,,,,,,,,,,,,,,,,,,,,,,,,,,,,,,,,,,,,,,,,,,,,,,,,,,,,,,,,,,,,,,,,,,,,,,,,,314.26796079998894,None,315.8178829999961,None,315.8178829999961,None,315.8178829999961,None,315.8178829999961,None,right,217.53977839999425,317.7841236999957,None,317.7841236999957,None,,,,,,,,,,,,,,,,,,,,,,,,,,,,,,,,,,,,,,,,,,,,,,,,,,,,,,,,zz,i,i,2020_Jul_08_1755,TRK-online,2020.1.3,60.00074401139849,
,,,,,,Demo,OBJ,FOIL,,stimuli/fractals/173c.jpg,-225,-225,1500,,,,,,,,,,,,,,,,None,None,None,None,Új Kép,,,,,,,,,,,,,,,,,,,,,,,,,,,,,,,,,,,,0,1,1,1,,,,,,,,,,,,,,,,,,,,,,,,,,,,,,,,,,,,,,,,,,,,,,,,,,,,,,,,,,,,,,,,,,,,,,,,,,,,,,,,,,,,,,,,,,,,,,,,,,,,,,,,,,,,,,,,,,,,,,,,,,,,,,,,,,,,,,,,,,,,,,,,,,,,,,,,,,,,,,,,,,,,,,,,,,,,,,,,,,535.3621678999916,None,535.3621678999916,None,535.3621678999916,None,535.3621678999916,None,right,2.9144653000112157,537.3454536999925,None,537.3454536999925,None,,,,,,,,,,,,,,,,,,,,,,,,,,,,,,,,,,,,,,,,,,,,,,,,,,,,,,,,zz,i,i,2020_Jul_08_1755,TRK-online,2020.1.3,60.00074401139849,
,,,,,,Demo,OBJ,TARGET,,stimuli/fractals/177b.jpg,-375,225,1100,,,,,,,,,,,,,,,,None,None,None,None,Régi Kép,,,,,,,,,,,,,,,,,,,,,,,,,,,,,,,,,,,,0,2,2,2,,,,,,,,,,,,,,,,,,,,,,,,,,,,,,,,,,,,,,,,,,,,,,,,,,,,,,,,,,,,,,,,,,,,,,,,,,,,,,,,,,,,,,,,,,,,,,,,,,,,,,,,,,,,,,,,,,,,,,,,,,,,,,,,,,,,,,,,,,,,,,,,,,,,,,,,,,,,,,,,,,,,,,,,,,,,,,,,,,540.3120437999896,None,540.3120437999896,None,540.3120437999896,None,540.3120437999896,None,right,7.340501899991068,542.2953398999962,None,542.2953398999962,None,,,,,,,,,,,,,,,,,,,,,,,,,,,,,,,,,,,,,,,,,,,,,,,,,,,,,,,,zz,i,i,2020_Jul_08_1755,TRK-online,2020.1.3,60.00074401139849,
,,,,,,Demo,OBJ,LURE,,stimuli/fractals/177c.jpg,-375,225,1800,,,,,,,,,,,,,,,,None,None,None,None,Új Kép,,,,,,,,,,,,,,,,,,,,,,,,,,,,,,,,,,,,0,3,3,3,,,,,,,,,,,,,,,,,,,,,,,,,,,,,,,,,,,,,,,,,,,,,,,,,,,,,,,,,,,,,,,,,,,,,,,,,,,,,,,,,,,,,,,,,,,,,,,,,,,,,,,,,,,,,,,,,,,,,,,,,,,,,,,,,,,,,,,,,,,,,,,,,,,,,,,,,,,,,,,,,,,,,,,,,,,,,,,,,,549.6784631999908,None,549.6784631999908,None,549.6784631999908,None,549.6784631999908,None,right,2.734120499997516,551.661747399994,None,551.661747399994,None,,,,,,,,,,,,,,,,,,,,,,,,,,,,,,,,,,,,,,,,,,,,,,,,,,,,,,,,zz,i,i,2020_Jul_08_1755,TRK-online,2020.1.3,60.00074401139849,
,,,,,,Demo,OBJ,TARGET,,stimuli/fractals/167a.jpg,225,225,1000,,,,,,,,,,,,,,,,None,None,None,None,Régi Kép,,,,,,,,,,,,,,,,,,,,,,,,,,,,,,,,,,,,0,4,4,4,,,,,,,,,,,,,,,,,,,,,,,,,,,,,,,,,,,,,,,,,,,,,,,,,,,,,,,,,,,,,,,,,,,,,,,,,,,,,,,,,,,,,,,,,,,,,,,,,,,,,,,,,,,,,,,,,,,,,,,,,,,,,,,,,,,,,,,,,,,,,,,,,,,,,,,,,,,,,,,,,,,,,,,,,,,,,,,,,,554.4450158999971,None,554.4450158999971,None,554.4450158999971,None,554.4450158999971,None,right,5.591643799998565,556.4283255999908,None,556.4283255999908,None,,,,,,,,,,,,,,,,,,,,,,,,,,,,,,,,,,,,,,,,,,,,,,,,,,,,,,,,zz,i,i,2020_Jul_08_1755,TRK-online,2020.1.3,60.00074401139849,
,,,,,,Demo,OBJ,LURE,,stimuli/fractals/167b.jpg,225,225,2300,,,,,,,,,,,,,,,,None,None,None,None,Új Kép,,,,,,,,,,,,,,,,,,,,,,,,,,,,,,,,,,,,0,5,5,5,,,,,,,,,,,,,,,,,,,,,,,,,,,,,,,,,,,,,,,,,,,,,,,,,,,,,,,,,,,,,,,,,,,,,,,,,,,,,,,,,,,,,,,,,,,,,,,,,,,,,,,,,,,,,,,,,,,,,,,,,,,,,,,,,,,,,,,,,,,,,,,,,,,,,,,,,,,,,,,,,,,,,,,,,,,,,,,,,,562.0615224999929,None,562.0615224999929,None,562.0615224999929,None,562.0615224999929,None,right,0.6471694000065327,564.0447808999888,None,564.0447808999888,None,,,,,,,,,,,,,,,,,,,,,,,,,,,,,,,,,,,,,,,,,,,,,,,,,,,,,,,,zz,i,i,2020_Jul_08_1755,TRK-online,2020.1.3,60.00074401139849,
,,,,,,Demo,LOC,TARGET,,stimuli/fractals/177b.jpg,-375,225,1200,,,,,,,,,,,,,,,,None,None,None,None,Régi Hely,,,,,,,,,,,,,,,,,,,,,,,,,,,,,,,,,,,,0,6,6,6,,,,,,,,,,,,,,,,,,,,,,,,,,,,,,,,,,,,,,,,,,,,,,,,,,,,,,,,,,,,,,,,,,,,,,,,,,,,,,,,,,,,,,,,,,,,,,,,,,,,,,,,,,,,,,,,,,,,,,,,,,,,,,,,,,,,,,,,,,,,,,,,,,,,,,,,,,,,,,,,,,,,,,,,,,,,,,,,,,564.7447587999923,None,564.7447587999923,None,564.7447587999923,None,564.7447587999923,None,right,0.6517798999993829,566.7280636999931,None,566.7280636999931,None,,,,,,,,,,,,,,,,,,,,,,,,,,,,,,,,,,,,,,,,,,,,,,,,,,,,,,,,zz,i,i,2020_Jul_08_1755,TRK-online,2020.1.3,60.00074401139849,
,,,,,,Demo,LOC,FOIL,,stimuli/fractals/177b.jpg,225,-75,1000,,,,,,,,,,,,,,,,None,None,None,None,Új Hely,,,,,,,,,,,,,,,,,,,,,,,,,,,,,,,,,,,,0,7,7,7,,,,,,,,,,,,,,,,,,,,,,,,,,,,,,,,,,,,,,,,,,,,,,,,,,,,,,,,,,,,,,,,,,,,,,,,,,,,,,,,,,,,,,,,,,,,,,,,,,,,,,,,,,,,,,,,,,,,,,,,,,,,,,,,,,,,,,,,,,,,,,,,,,,,,,,,,,,,,,,,,,,,,,,,,,,,,,,,,,567.4280494999985,None,567.4280494999985,None,567.4280494999985,None,567.4280494999985,None,right,4.832643300003838,569.4113183999871,None,569.4113183999871,None,,,,,,,,,,,,,,,,,,,,,,,,,,,,,,,,,,,,,,,,,,,,,,,,,,,,,,,,zz,i,i,2020_Jul_08_1755,TRK-online,2020.1.3,60.00074401139849,
,,,,,,Demo,LOC,TARGET,,stimuli/fractals/166a.jpg,-75,225,800,,,,,,,,,,,,,,,,None,None,None,None,Régi Hely,,,,,,,,,,,,,,,,,,,,,,,,,,,,,,,,,,,,0,8,8,8,,,,,,,,,,,,,,,,,,,,,,,,,,,,,,,,,,,,,,,,,,,,,,,,,,,,,,,,,,,,,,,,,,,,,,,,,,,,,,,,,,,,,,,,,,,,,,,,,,,,,,,,,,,,,,,,,,,,,,,,,,,,,,,,,,,,,,,,,,,,,,,,,,,,,,,,,,,,,,,,,,,,,,,,,,,,,,,,,,574.2945178999944,None,574.2945178999944,None,574.2945178999944,None,574.2945178999944,None,right,7.694119699997827,576.2778022999992,None,576.2778022999992,None,,,,,,,,,,,,,,,,,,,,,,,,,,,,,,,,,,,,,,,,,,,,,,,,,,,,,,,,zz,i,i,2020_Jul_08_1755,TRK-online,2020.1.3,60.00074401139849,
,,,,,,Demo,LOC,LURE,,stimuli/fractals/166a.jpg,75,225,1500,,,,,,,,,,,,,,,,None,None,None,None,Új Hely,,,,,,,,,,,,,,,,,,,,,,,,,,,,,,,,,,,,0,9,9,9,,,,,,,,,,,,,,,,,,,,,,,,,,,,,,,,,,,,,,,,,,,,,,,,,,,,,,,,,,,,,,,,,,,,,,,,,,,,,,,,,,,,,,,,,,,,,,,,,,,,,,,,,,,,,,,,,,,,,,,,,,,,,,,,,,,,,,,,,,,,,,,,,,,,,,,,,,,,,,,,,,,,,,,,,,,,,,,,,,584.0109145999886,None,584.0109145999886,None,584.0109145999886,None,584.0109145999886,None,right,0.8336512999958359,585.9942319999973,None,585.9942319999973,None,,,,,,,,,,,,,,,,,,,,,,,,,,,,,,,,,,,,,,,,,,,,,,,,,,,,,,,,zz,i,i,2020_Jul_08_1755,TRK-online,2020.1.3,60.00074401139849,
,,,,,,Demo,LOC,TARGET,,stimuli/fractals/159a.jpg,-375,225,800,,,,,,,,,,,,,,,,None,None,None,None,Régi Hely,,,,,,,,,,,,,,,,,,,,,,,,,,,,,,,,,,,,0,10,10,10,,,,,,,,,,,,,,,,,,,,,,,,,,,,,,,,,,,,,,,,,,,,,,,,,,,,,,,,,,,,,,,,,,,,,,,,,,,,,,,,,,,,,,,,,,,,,,,,,,,,,,,,,,,,,,,,,,,,,,,,,,,,,,,,,,,,,,,,,,,,,,,,,,,,,,,,,,,,,,,,,,,,,,,,,,,,,,,,,,586.860904199988,None,586.860904199988,None,586.860904199988,None,586.860904199988,None,right,0.9356961000012234,588.8441775999963,None,588.8441775999963,None,,,,,,,,,,,,,,,,,,,,,,,,,,,,,,,,,,,,,,,,,,,,,,,,,,,,,,,,zz,i,i,2020_Jul_08_1755,TRK-online,2020.1.3,60.00074401139849,
,,,,,,Demo,LOC,LURE,,stimuli/fractals/159a.jpg,-225,225,800,,,,,,,,,,,,,,,,None,None,None,None,Új Hely,,,,,,,,,,,,,,,,,,,,,,,,,,,,,,,,,,,,0,11,11,11,,,,,,,,,,,,,,,,,,,,,,,,,,,,,,,,,,,,,,,,,,,,,,,,,,,,,,,,,,,,,,,,,,,,,,,,,,,,,,,,,,,,,,,,,,,,,,,,,,,,,,,,,,,,,,,,,,,,,,,,,,,,,,,,,,,,,,,,,,,,,,,,,,,,,,,,,,,,,,,,,,,,,,,,,,,,,,,,,,589.8441722999996,None,589.8441722999996,None,589.8441722999996,None,589.8441722999996,None,right,4.344512399999076,591.8274210999953,None,591.8274210999953,None,,,,,,,,,,,,,,,,,,,,,,,,,,,,,,,,,,,,,,,,,,,,,,,,,,,,,,,,zz,i,i,2020_Jul_08_1755,TRK-online,2020.1.3,60.00074401139849,
,,,,,,Demo,LOC,TARGET,,stimuli/fractals/148b.jpg,225,-75,1500,,,,,,,,,,,,,,,,None,None,None,None,Régi Hely,,,,,,,,,,,,,,,,,,,,,,,,,,,,,,,,,,,,0,12,12,12,,,,,,,,,,,,,,,,,,,,,,,,,,,,,,,,,,,,,,,,,,,,,,,,,,,,,,,,,,,,,,,,,,,,,,,,,,,,,,,,,,,,,,,,,,,,,,,,,,,,,,,,,,,,,,,,,,,,,,,,,,,,,,,,,,,,,,,,,,,,,,,,,,,,,,,,,,,,,,,,,,,,,,,,,,,,,,,,,,596.2106638999976,None,596.2106638999976,None,596.2106638999976,None,596.2106638999976,None,right,8.417944700006046,598.1939147999947,None,598.1939147999947,None,,,,,,,,,,,,,,,,,,,,,,,,,,,,,,,,,,,,,,,,,,,,,,,,,,,,,,,,zz,i,i,2020_Jul_08_1755,TRK-online,2020.1.3,60.00074401139849,
,,,,,,Demo,LOC,FOIL,,stimuli/fractals/148b.jpg,-375,225,800,,,,,,,,,,,,,,,,None,None,None,None,Új Hely,,,,,,,,,,,,,,,,,,,,,,,,,,,,,,,,,,,,0,13,13,13,,,,,,,,,,,,,,,,,,,,,,,,,,,,,,,,,,,,,,,,,,,,,,,,,,,,,,,,,,,,,,,,,,,,,,,,,,,,,,,,,,,,,,,,,,,,,,,,,,,,,,,,,,,,,,,,,,,,,,,,,,,,,,,,,,,,,,,,,,,,,,,,,,,,,,,,,,,,,,,,,,,,,,,,,,,,,,,,,,606.6603796999989,None,606.6603796999989,None,606.6603796999989,None,606.6603796999989,None,right,1.200379099987913,608.6436835999921,None,608.6436835999921,None,,,,,,,,,,,,,,,,,,,,,,,,,,,,,,,,,,,,,,,,,,,,,,,,,,,,,,,,zz,i,i,2020_Jul_08_1755,TRK-online,2020.1.3,60.00074401139849,
,,,,,,,,,,,,,,,,,,,,,,,,,,,,,,,,,,,,,,,,,,,,,,,,,,,,,,,,,,,,,,,,,,,,,,,,,,,,,,,,,,,,,,,,,,,,,,,,,,,,,,,,,,,,,,,,,,,,,,,,,,,,,,,,,,,,,,,,,,,,,,,,,,,,,,,,,,,,,,,,,,,,,,,,,,,,,,,,,,,,,,,,,,,,,,,,,,,,,,,,,,,,,,,,,,,,,,,,,,,,,,,,,,,,,,,,,,,,,,,,,,,,,,,,,,,,,,,,,,,,,,,,609.8603332999919,None,right,1.3922906999941915,610.8436240999872,None,,,,,,,,,,,,,,,,,,,,,,,,,,,,,,,,,,,,,,,,,,,,,,,,,,zz,i,i,2020_Jul_08_1755,TRK-online,2020.1.3,60.00074401139849,
,,,,,,RecognitionPractice,OBJ,FOIL,,stimuli/fractals/156b.jpg,225,-75,0.6,,1,,,,,,,,,,,,,,,,,,,1,0,,,,,,,,,,,,,,,,,,,,,,,,,,,,,,,,,,,,,,0,0,0,0,0,0,0,0,,,,,,,,,,,,,,,,,,,,,,,,,,,,,,,,,,,,,,,,,,,,,,,,,,,,,,,,,,,,,,,,,,,,,,,,,,,,,,,,,,,612.260239700001,None,,,,,,,,,,,,,,,,,,,,,,,,,,,,,,,,,,,,,,,,,,,,,,,,,,,,,,,,,,,,,,,,,,,,,,,,,,,,,,,,,,,,,,,,,,,,,,,,,,,,,,,,,,610.8436240999872,None,613.260463499988,None,614.2604354099982,None,614.2604354099982,None,None,614.2604354099982,None,614.2604354099982,None,614.2604354099982,None,614.3104286999878,None,614.3104286999878,None,j,2.1003060000075493,614.3104286999878,None,614.3104286999878,None,614.3104286999878,None,618.2766426999879,None,,,,,,,,,,,,,,,,,,,,,zz,i,i,2020_Jul_08_1755,TRK-online,2020.1.3,60.00074401139849,
,,,,,,RecognitionPractice,OBJ,LURE,,stimuli/fractals/166c.jpg,-75,225,0.6,,1,,,,,,,,,,,,,,,,,,,1,0,,,,,,,,,,,,,,,,,,,,,,,,,,,,,,,,,,,,,,0,0,0,0,0,1,1,1,,,,,,,,,,,,,,,,,,,,,,,,,,,,,,,,,,,,,,,,,,,,,,,,,,,,,,,,,,,,,,,,,,,,,,,,,,,,,,,,,,,,,,,,,,,,,,,,,,,,,,,,,,,,,,,,,,,,,,,,,,,,,,,,,,,,,,,,,,,,,,,,,,,,,,,,,,,,,,,,,,,,,,,,,,,,,,,,,,,,,,,,,,,,,,,,,,620.2765796099935,None,620.2765796099935,None,None,620.2765796099935,None,620.2765796099935,None,620.2765796099935,None,620.2932377999969,None,620.2932377999969,None,j,1.101352500001667,620.2932377999969,None,620.2932377999969,None,620.2932377999969,None,624.2931375999906,None,,,,,,,,,,,,,,,,,,,,,zz,i,i,2020_Jul_08_1755,TRK-online,2020.1.3,60.00074401139849,
,,,,,,RecognitionPractice,OBJ,TARGET,,stimuli/fractals/167a.jpg,225,225,2.0,,2,,,,,,,,,,,,,,,,,,,1,0,,,,,,,,,,,,,,,,,,,,,,,,,,,,,,,,,,,,,,0,0,0,0,0,2,2,2,,,,,,,,,,,,,,,,,,,,,,,,,,,,,,,,,,,,,,,,,,,,,,,,,,,,,,,,,,,,,,,,,,,,,,,,,,,,,,,,,,,,,,,,,,,,,,,,,,,,,,,,,,,,,,,,,,,,,,,,,,,,,,,,,,,,,,,,,,,,,,,,,,,,,,,,,,,,,,,,,,,,,,,,,,,,,,,,,,,,,,,,,,,,,,,,,,626.2931188999937,None,626.2931188999937,None,None,626.2931188999937,None,626.2931188999937,None,626.2931188999937,None,626.326457099989,None,626.326457099989,None,j,1.2773176000046078,626.326457099989,None,626.326457099989,None,626.326457099989,None,630.3263293999917,None,,,,,,,,,,,,,,,,,,,,,zz,i,i,2020_Jul_08_1755,TRK-online,2020.1.3,60.00074401139849,
,,,,,,RecognitionPractice,LOC,FOIL,,stimuli/fractals/159a.jpg,-75,-225,1.0,,4,,,,,,,,,,,,,,,,,,,2,0,,,,,,,,,,,,,,,,,,,,,,,,,,,,,,,,,,,,,,1,0,1,0,0,0,0,0,,,,,,,,,,,,,,,,,,,,,,,,,,,,,,,,,,,,,,,,,,,,,,,,,,,,,,,,,,,,,,,,,,,,,,,,,,,,,,,,,,,,,,,,,,,,,,,,,,,,,,,,,,,,,,,,,,,,,,,,,,,,,,,,,,,,,,,,,,,,,,,,,,,,,,,,,,,,,,,,,,,,,,,,,,,,,,,,,,,,,,,,,,,,,,,,632.3262704999943,None,633.3262462999992,None,633.3262462999992,None,None,633.3262462999992,None,633.3262462999992,None,633.3262462999992,None,633.3595816999878,None,633.3595816999878,None,j,0.6684893000056036,633.3595816999878,None,633.3595816999878,None,633.3595816999878,None,637.3594890999957,None,,,,,,,,,,,,,,,,,,,,,zz,i,i,2020_Jul_08_1755,TRK-online,2020.1.3,60.00074401139849,
,,,,,,RecognitionPractice,LOC,LURE,,stimuli/fractals/148b.jpg,225,-225,1.5,,5,,,,,,,,,,,,,,,,,,,2,0,,,,,,,,,,,,,,,,,,,,,,,,,,,,,,,,,,,,,,1,0,1,0,0,1,1,1,,,,,,,,,,,,,,,,,,,,,,,,,,,,,,,,,,,,,,,,,,,,,,,,,,,,,,,,,,,,,,,,,,,,,,,,,,,,,,,,,,,,,,,,,,,,,,,,,,,,,,,,,,,,,,,,,,,,,,,,,,,,,,,,,,,,,,,,,,,,,,,,,,,,,,,,,,,,,,,,,,,,,,,,,,,,,,,,,,,,,,,,,,,,,,,,,,639.3594401999871,None,639.3594401999871,None,None,639.3594401999871,None,639.3594401999871,None,639.3594401999871,None,639.3927741999942,None,639.3927741999942,None,j,0.6350996999972267,639.3927741999942,None,639.3927741999942,None,639.3927741999942,None,643.3927189999959,None,,,,,,,,,,,,,,,,,,,,,zz,i,i,2020_Jul_08_1755,TRK-online,2020.1.3,60.00074401139849,
,,,,,,RecognitionPractice,LOC,TARGET,,stimuli/fractals/166a.jpg,-75,225,1.0,,6,,,,,,,,,,,,,,,,,,,2,0,,,,,,,,,,,,,,,,,,,,,,,,,,,,,,,,,,,,,,1,0,1,0,0,2,2,2,,,,,,,,,,,,,,,,,,,,,,,,,,,,,,,,,,,,,,,,,,,,,,,,,,,,,,,,,,,,,,,,,,,,,,,,,,,,,,,,,,,,,,,,,,,,,,,,,,,,,,,,,,,,,,,,,,,,,,,,,,,,,,,,,,,,,,,,,,,,,,,,,,,,,,,,,,,,,,,,,,,,,,,,,,,,,,,,,,,,,,,,,,,,,,,,,,645.3926534999919,None,645.3926534999919,None,None,645.3926534999919,None,645.3926534999919,None,645.3926534999919,None,645.4259482999914,None,645.4259482999914,None,j,1.9299209999880986,645.4259482999914,None,645.4259482999914,None,645.4259482999914,None,649.4258732999879,None,,,,,,,,,,,,,,,,,,,,,zz,i,i,2020_Jul_08_1755,TRK-online,2020.1.3,60.00074401139849,
,,,,,,,,,,,,,,,,,,,,,,,,,,,,,,,,,,,,,,,,,,,,,,,,,,,,,,,,,,,,,,,,,,,,,,,,,,,,,,,,,,,,,,,,,,,,,,,,,,,,,,,,,,,,,,,,,,,,,,,,,,,,,,,,,,,,,,,,,,,,,,,,,,,,,,,,,,,,,,,,,,,,,,,,,,,,,,,,,,,,,,,,,651.4257980999973,None,right,1.4033414000004996,652.3924729999999,None,,,,,,,,,,,,,,,,,,,,,,,,,,,,,,,,,,,,,,,,,,,,,,,,,,,,,,,,,,,,,,,,,,,,,,,,,,,,,,,,,,,,,,,,,,,,,,,,,,,,,,,,,,,,,,,,,,,,,,,,,,,,,,,,,zz,i,i,2020_Jul_08_1755,TRK-online,2020.1.3,60.00074401139849,
,,,,,,,OBJ,FOIL,,stimuli/fractals/116a.jpg,375.0,225.0,500,,1,None,,None,None,None,None,None,None,None,None,None,None,None,,,,,,1,,0.0,FOIL,None,0.0,0.0,,,,,,,,,,,,,,,,,,,,,,,,,,,,,,,,,,,,,,,,,0,0,0,0,0,0,0,0,0,0,0,0,,,,,,,,,,,,,,,,,,,,,,,,,,,,,,,,,,,,,,,,,,,,,,,,,,,,,,,,,,,,,,,,,,,,,,,,,,,,,,,,,,,,,,,,,,,,,,,,,,,652.3924729999999,None,,,,,,,,,,,,,,,,,,,,,,,,,,,,,,,,,,,,,,,,,,,,,,,,,,,,,,,,,,,,,,,,,,,,,,,,,,,,,,,,,,656.3423382999899,None,656.3423382999899,None,None,656.3423382999899,None,656.3423382999899,None,656.3423382999899,None,657.4923146999936,None,657.4923146999936,None,None,,657.4923146999936,None,657.4923146999936,None,657.4923146999936,None,,,653.8257355999958,None,654.8257472999976,None,,,,,,,,,,,,,,,,,zz,i,i,2020_Jul_08_1755,TRK-online,2020.1.3,60.00074401139849,
,,,,,,,OBJ,LURE,,stimuli/fractals/46c.jpg,375.0,225.0,1000,,2,None,,stimuli/fractals/46b.jpg,stimuli/fractals/46a.jpg,stimuli/fractals/46c.jpg,375.0,225.0,375.0,75.0,225.0,225.0,-225.0,-225.0,,,,,,1,,1.0,OLP,stimuli/fractals/46b.jpg,375.0,225.0,,,,,,,,,,,,,,,,,,,,,,,,,,,,,,,,,,,,,,,,,0,0,0,0,0,0,0,0,0,1,1,1,,,,,,,,,,,,,,,,,,,,,,,,,,,,,,,,,,,,,,,,,,,,,,,,,,,,,,,,,,,,,,,,,,,,,,,,,,,,,,,,,,,,,,,,,,,,,,,,,,,,,,,,,,,,,,,,,,,,,,,,,,,,,,,,,,,,,,,,,,,,,,,,,,,,,,,,,,,,,,,,,,,,,,,,,,,,,,,,,,,,,,660.8590301999939,None,660.8590301999939,None,None,660.8590301999939,None,660.8590301999939,None,660.8590301999939,None,661.892354999989,None,661.892354999989,None,None,,661.892354999989,None,661.892354999989,None,661.892354999989,None,,,,,,,,,,,,,,,,,,,,,,,zz,i,i,2020_Jul_08_1755,TRK-online,2020.1.3,60.00074401139849,
,,,,,,,OBJ,TARGET,,stimuli/fractals/70b.jpg,375.0,-75.0,2000,,3,None,,stimuli/fractals/70b.jpg,stimuli/fractals/70a.jpg,stimuli/fractals/70c.jpg,375.0,-75.0,375.0,75.0,375.0,-225.0,-225.0,75.0,,,,,,1,,2.0,OLP,stimuli/fractals/70b.jpg,375.0,-75.0,,,,,,,,,,,,,,,,,,,,,,,,,,,,,,,,,,,,,,,,,0,0,0,0,0,0,0,0,0,2,2,2,,,,,,,,,,,,,,,,,,,,,,,,,,,,,,,,,,,,,,,,,,,,,,,,,,,,,,,,,,,,,,,,,,,,,,,,,,,,,,,,,,,,,,,,,,,,,,,,,,,,,,,,,,,,,,,,,,,,,,,,,,,,,,,,,,,,,,,,,,,,,,,,,,,,,,,,,,,,,,,,,,,,,,,,,,,,,,,,,,,,,,665.8755743999936,None,665.8755743999936,None,None,665.8755743999936,None,665.8755743999936,None,665.8755743999936,None,667.8921896999964,None,667.8921896999964,None,None,,667.8921896999964,None,667.8921896999964,None,667.8921896999964,None,,,,,,,,,,,,,,,,,,,,,,,zz,i,i,2020_Jul_08_1755,TRK-online,2020.1.3,60.00074401139849,
,,,,,,,OBJ,FOIL,,stimuli/fractals/114a.jpg,75.0,75.0,3000,,4,None,,None,None,None,None,None,None,None,None,None,None,None,,,,,,1,,0.0,FOIL,None,0.0,0.0,,,,,,,,,,,,,,,,,,,,,,,,,,,,,,,,,,,,,,,,,0,0,0,0,1,0,1,0,0,0,0,0,,,,,,,,,,,,,,,,,,,,,,,,,,,,,,,,,,,,,,,,,,,,,,,,,,,,,,,,,,,,,,,,,,,,,,,,,,,,,,,,,,,,,,,,,,,,,,,,,,,,,,,,,,,,,,,,,,,,,,,,,,,,,,,,,,,,,,,,,,,,,,,,,,,,,,,,,,,,,,,,,,,,,,,,,,,,,,,,,,,,,,673.4087510999962,None,673.4087510999962,None,None,673.4087510999962,None,673.4087510999962,None,673.4087510999962,None,676.4419759999873,None,676.4419759999873,None,None,,676.4419759999873,None,676.4419759999873,None,676.4419759999873,None,,,,,671.892093699993,None,,,,,,,,,,,,,,,,,zz,i,i,2020_Jul_08_1755,TRK-online,2020.1.3,60.00074401139849,
,,,,,,,OBJ,TARGET,,stimuli/fractals/63c.jpg,-75.0,-225.0,2000,,5,None,,stimuli/fractals/63c.jpg,stimuli/fractals/63a.jpg,stimuli/fractals/63b.jpg,-75.0,-225.0,-75.0,-75.0,-225.0,-225.0,375.0,225.0,,,,,,1,,12.0,OLP,stimuli/fractals/63c.jpg,-75.0,-225.0,,,,,,,,,,,,,,,,,,,,,,,,,,,,,,,,,,,,,,,,,0,0,0,0,1,0,1,0,0,1,1,1,,,,,,,,,,,,,,,,,,,,,,,,,,,,,,,,,,,,,,,,,,,,,,,,,,,,,,,,,,,,,,,,,,,,,,,,,,,,,,,,,,,,,,,,,,,,,,,,,,,,,,,,,,,,,,,,,,,,,,,,,,,,,,,,,,,,,,,,,,,,,,,,,,,,,,,,,,,,,,,,,,,,,,,,,,,,,,,,,,,,,,680.4252402999991,None,680.4252402999991,None,None,680.4252402999991,None,680.4252402999991,None,680.4252402999991,None,682.4584852999978,None,682.4584852999978,None,None,,682.4584852999978,None,682.4584852999978,None,682.4584852999978,None,,,,,,,,,,,,,,,,,,,,,,,zz,i,i,2020_Jul_08_1755,TRK-online,2020.1.3,60.00074401139849,
,,,,,,,OBJ,FOIL,,stimuli/fractals/54a.jpg,75.0,-225.0,1000,,6,None,,None,None,None,None,None,None,None,None,None,None,None,,,,,,1,,0.0,FOIL,None,0.0,0.0,,,,,,,,,,,,,,,,,,,,,,,,,,,,,,,,,,,,,,,,,0,0,0,0,1,0,1,0,0,2,2,2,,,,,,,,,,,,,,,,,,,,,,,,,,,,,,,,,,,,,,,,,,,,,,,,,,,,,,,,,,,,,,,,,,,,,,,,,,,,,,,,,,,,,,,,,,,,,,,,,,,,,,,,,,,,,,,,,,,,,,,,,,,,,,,,,,,,,,,,,,,,,,,,,,,,,,,,,,,,,,,,,,,,,,,,,,,,,,,,,,,,,,686.4417672999989,None,686.4417672999989,None,None,686.4417672999989,None,686.4417672999989,None,686.4417672999989,None,687.4750558999949,None,687.4750558999949,None,None,,687.4750558999949,None,687.4750558999949,None,687.4750558999949,None,,,,,,,,,,,,,,,,,,,,,,,zz,i,i,2020_Jul_08_1755,TRK-online,2020.1.3,60.00074401139849,
,,,,,,,OBJ,TARGET,,stimuli/fractals/56b.jpg,75.0,-75.0,3000,,7,None,,stimuli/fractals/56b.jpg,stimuli/fractals/56a.jpg,stimuli/fractals/56c.jpg,75.0,-75.0,-75.0,-75.0,75.0,75.0,-375.0,225.0,,,,,,1,,18.0,OLP,stimuli/fractals/56b.jpg,75.0,-75.0,,,,,,,,,,,,,,,,,,,,,,,,,,,,,,,,,,,,,,,,,1,0,1,0,0,0,0,0,0,0,0,0,,,,,,,,,,,,,,,,,,,,,,,,,,,,,,,,,,,,,,,,,,,,,,,,,,,,,,,,,,,,,,,,,,,,,,,,,,,,,,,,,,,,,,,,,,,,,,,,,,,,,,,,,,,,,,,,,,,,,,,,,,,,,,,,,,,,,,,,,,,,,,,,,,,,,,,,,,,,,,,,,,,,,,,,,,,,,,,,,,,,,,702.658008399987,None,702.658008399987,None,None,702.658008399987,None,702.658008399987,None,702.658008399987,None,705.6746253999881,None,705.6746253999881,None,None,,705.6746253999881,None,705.6746253999881,None,705.6746253999881,None,,,700.1414087000012,None,701.1413672999915,None,691.4582657999999,None,right,8.65744629999972,691.4582657999999,None,,,,,,,,,,,zz,i,i,2020_Jul_08_1755,TRK-online,2020.1.3,60.00074401139849,
,,,,,,,OBJ,TARGET,,stimuli/fractals/3b.jpg,-75.0,225.0,1000,,8,None,,stimuli/fractals/3b.jpg,stimuli/fractals/3c.jpg,stimuli/fractals/3a.jpg,-75.0,225.0,-75.0,75.0,-225.0,225.0,375.0,-225.0,,,,,,1,,4.0,ERP,stimuli/fractals/3b.jpg,-75.0,225.0,,,,,,,,,,,,,,,,,,,,,,,,,,,,,,,,,,,,,,,,,1,0,1,0,0,0,0,0,0,1,1,1,,,,,,,,,,,,,,,,,,,,,,,,,,,,,,,,,,,,,,,,,,,,,,,,,,,,,,,,,,,,,,,,,,,,,,,,,,,,,,,,,,,,,,,,,,,,,,,,,,,,,,,,,,,,,,,,,,,,,,,,,,,,,,,,,,,,,,,,,,,,,,,,,,,,,,,,,,,,,,,,,,,,,,,,,,,,,,,,,,,,,,709.6744882999919,None,709.6744882999919,None,None,709.6744882999919,None,709.6744882999919,None,709.6744882999919,None,710.6911428999883,None,710.6911428999883,None,None,,710.6911428999883,None,710.6911428999883,None,710.6911428999883,None,,,,,,,,,,,,,,,,,,,,,,,zz,i,i,2020_Jul_08_1755,TRK-online,2020.1.3,60.00074401139849,
,,,,,,,OBJ,TARGET,,stimuli/fractals/55a.jpg,-75.0,-75.0,2000,,9,None,,stimuli/fractals/55a.jpg,stimuli/fractals/55c.jpg,stimuli/fractals/55b.jpg,-75.0,-75.0,75.0,-75.0,-75.0,75.0,375.0,225.0,,,,,,1,,8.0,ERP,stimuli/fractals/55a.jpg,-75.0,-75.0,,,,,,,,,,,,,,,,,,,,,,,,,,,,,,,,,,,,,,,,,1,0,1,0,0,0,0,0,0,2,2,2,,,,,,,,,,,,,,,,,,,,,,,,,,,,,,,,,,,,,,,,,,,,,,,,,,,,,,,,,,,,,,,,,,,,,,,,,,,,,,,,,,,,,,,,,,,,,,,,,,,,,,,,,,,,,,,,,,,,,,,,,,,,,,,,,,,,,,,,,,,,,,,,,,,,,,,,,,,,,,,,,,,,,,,,,,,,,,,,,,,,,,714.6910151999909,None,714.6910151999909,None,None,714.6910151999909,None,714.6910151999909,None,714.6910151999909,None,716.7076630999945,None,716.7076630999945,None,None,,716.7076630999945,None,716.7076630999945,None,716.7076630999945,None,,,,,,,,,,,,,,,,,,,,,,,zz,i,i,2020_Jul_08_1755,TRK-online,2020.1.3,60.00074401139849,
,,,,,,,OBJ,FOIL,,stimuli/fractals/132a.jpg,375.0,-225.0,2000,,10,None,,None,None,None,None,None,None,None,None,None,None,None,,,,,,1,,0.0,FOIL,None,0.0,0.0,,,,,,,,,,,,,,,,,,,,,,,,,,,,,,,,,,,,,,,,,1,0,1,0,1,0,1,0,0,0,0,0,,,,,,,,,,,,,,,,,,,,,,,,,,,,,,,,,,,,,,,,,,,,,,,,,,,,,,,,,,,,,,,,,,,,,,,,,,,,,,,,,,,,,,,,,,,,,,,,,,,,,,,,,,,,,,,,,,,,,,,,,,,,,,,,,,,,,,,,,,,,,,,,,,,,,,,,,,,,,,,,,,,,,,,,,,,,,,,,,,,,,,722.2241992999916,None,722.2241992999916,None,None,722.2241992999916,None,722.2241992999916,None,722.2241992999916,None,724.2574547999975,None,724.2574547999975,None,None,,724.2574547999975,None,724.2574547999975,None,724.2574547999975,None,,,,,720.7075627999875,None,,,,,,,,,,,,,,,,,zz,i,i,2020_Jul_08_1755,TRK-online,2020.1.3,60.00074401139849,
,,,,,,,OBJ,LURE,,stimuli/fractals/60c.jpg,75.0,-75.0,6000,,11,None,,stimuli/fractals/60a.jpg,stimuli/fractals/60b.jpg,stimuli/fractals/60c.jpg,75.0,-75.0,225.0,-75.0,-75.0,-75.0,-375.0,225.0,,,,,,1,,3.0,LLP,stimuli/fractals/60a.jpg,75.0,-75.0,,,,,,,,,,,,,,,,,,,,,,,,,,,,,,,,,,,,,,,,,1,0,1,0,1,0,1,0,0,1,1,1,,,,,,,,,,,,,,,,,,,,,,,,,,,,,,,,,,,,,,,,,,,,,,,,,,,,,,,,,,,,,,,,,,,,,,,,,,,,,,,,,,,,,,,,,,,,,,,,,,,,,,,,,,,,,,,,,,,,,,,,,,,,,,,,,,,,,,,,,,,,,,,,,,,,,,,,,,,,,,,,,,,,,,,,,,,,,,,,,,,,,,728.2406891999999,None,728.2406891999999,None,None,728.2406891999999,None,728.2406891999999,None,728.2406891999999,None,734.2572213999956,None,734.2572213999956,None,None,,734.2572213999956,None,734.2572213999956,None,734.2572213999956,None,,,,,,,,,,,,,,,,,,,,,,,zz,i,i,2020_Jul_08_1755,TRK-online,2020.1.3,60.00074401139849,
,,,,,,,OBJ,FOIL,,stimuli/fractals/113c.jpg,-375.0,-225.0,2000,,12,None,,None,None,None,None,None,None,None,None,None,None,None,,,,,,1,,0.0,FOIL,None,0.0,0.0,,,,,,,,,,,,,,,,,,,,,,,,,,,,,,,,,,,,,,,,,1,0,1,0,1,0,1,0,0,2,2,2,,,,,,,,,,,,,,,,,,,,,,,,,,,,,,,,,,,,,,,,,,,,,,,,,,,,,,,,,,,,,,,,,,,,,,,,,,,,,,,,,,,,,,,,,,,,,,,,,,,,,,,,,,,,,,,,,,,,,,,,,,,,,,,,,,,,,,,,,,,,,,,,,,,,,,,,,,,,,,,,,,,,,,,,,,,,,,,,,,,,,,738.2571033999993,None,738.2571033999993,None,None,738.2571033999993,None,738.2571033999993,None,738.2571033999993,None,740.2904032999941,None,740.2904032999941,None,None,,740.2904032999941,None,740.2904032999941,None,740.2904032999941,None,,,,,,,,,,,,,,,,,,,,,,,zz,i,i,2020_Jul_08_1755,TRK-online,2020.1.3,60.00074401139849,
,,,,,,,OBJ,LURE,,stimuli/fractals/68a.jpg,-225.0,75.0,2000,,13,None,,stimuli/fractals/68b.jpg,stimuli/fractals/68c.jpg,stimuli/fractals/68a.jpg,-225.0,75.0,-375.0,75.0,-225.0,-75.0,375.0,-75.0,,,,,,1,,11.0,ERP,stimuli/fractals/68b.jpg,-225.0,75.0,,,,,,,,,,,,,,,,,,,,,,,,,,,,,,,,,,,,,,,,,2,0,2,0,0,0,0,0,0,0,0,0,,,,,,,,,,,,,,,,,,,,,,,,,,,,,,,,,,,,,,,,,,,,,,,,,,,,,,,,,,,,,,,,,,,,,,,,,,,,,,,,,,,,,,,,,,,,,,,,,,,,,,,,,,,,,,,,,,,,,,,,,,,,,,,,,,,,,,,,,,,,,,,,,,,,,,,,,,,,,,,,,,,,,,,,,,,,,,,,,,,,,,749.223616599993,None,749.223616599993,None,None,749.223616599993,None,749.223616599993,None,749.223616599993,None,751.2399909999949,None,751.2399909999949,None,None,,751.2399909999949,None,751.2399909999949,None,751.2399909999949,None,,,746.6902244999947,None,747.6902991999959,None,744.2736344000004,None,right,2.386265300010564,744.2736344000004,None,,,,,,,,,,,zz,i,i,2020_Jul_08_1755,TRK-online,2020.1.3,60.00074401139849,
,,,,,,,OBJ,FOIL,,stimuli/fractals/6b.jpg,375.0,225.0,3000,,14,None,,None,None,None,None,None,None,None,None,None,None,None,,,,,,1,,0.0,FOIL,None,0.0,0.0,,,,,,,,,,,,,,,,,,,,,,,,,,,,,,,,,,,,,,,,,2,0,2,0,0,0,0,0,0,1,1,1,,,,,,,,,,,,,,,,,,,,,,,,,,,,,,,,,,,,,,,,,,,,,,,,,,,,,,,,,,,,,,,,,,,,,,,,,,,,,,,,,,,,,,,,,,,,,,,,,,,,,,,,,,,,,,,,,,,,,,,,,,,,,,,,,,,,,,,,,,,,,,,,,,,,,,,,,,,,,,,,,,,,,,,,,,,,,,,,,,,,,,755.2398872999911,None,755.2398872999911,None,None,755.2398872999911,None,755.2398872999911,None,755.2398872999911,None,758.2731387999956,None,758.2731387999956,None,None,,758.2731387999956,None,758.2731387999956,None,758.2731387999956,None,,,,,,,,,,,,,,,,,,,,,,,zz,i,i,2020_Jul_08_1755,TRK-online,2020.1.3,60.00074401139849,
,,,,,,,OBJ,LURE,,stimuli/fractals/92c.jpg,375.0,75.0,2000,,15,None,,stimuli/fractals/92b.jpg,stimuli/fractals/92a.jpg,stimuli/fractals/92c.jpg,375.0,75.0,375.0,225.0,225.0,75.0,-225.0,-225.0,,,,,,1,,22.0,ERP,stimuli/fractals/92b.jpg,375.0,75.0,,,,,,,,,,,,,,,,,,,,,,,,,,,,,,,,,,,,,,,,,2,0,2,0,0,0,0,0,0,2,2,2,,,,,,,,,,,,,,,,,,,,,,,,,,,,,,,,,,,,,,,,,,,,,,,,,,,,,,,,,,,,,,,,,,,,,,,,,,,,,,,,,,,,,,,,,,,,,,,,,,,,,,,,,,,,,,,,,,,,,,,,,,,,,,,,,,,,,,,,,,,,,,,,,,,,,,,,,,,,,,,,,,,,,,,,,,,,,,,,,,,,,,762.2564147999947,None,762.2564147999947,None,None,762.2564147999947,None,762.2564147999947,None,762.2564147999947,None,764.2729971999943,None,764.2729971999943,None,None,,764.2729971999943,None,764.2729971999943,None,764.2729971999943,None,,,,,,,,,,,,,,,,,,,,,,,zz,i,i,2020_Jul_08_1755,TRK-online,2020.1.3,60.00074401139849,
,,,,,,,OBJ,LURE,,stimuli/fractals/86a.jpg,-75.0,225.0,1000,,16,None,,stimuli/fractals/86b.jpg,stimuli/fractals/86c.jpg,stimuli/fractals/86a.jpg,-75.0,225.0,75.0,225.0,-225.0,225.0,375.0,-75.0,,,,,,1,,10.0,LLP,stimuli/fractals/86b.jpg,-75.0,225.0,,,,,,,,,,,,,,,,,,,,,,,,,,,,,,,,,,,,,,,,,2,0,2,0,1,0,1,0,0,0,0,0,,,,,,,,,,,,,,,,,,,,,,,,,,,,,,,,,,,,,,,,,,,,,,,,,,,,,,,,,,,,,,,,,,,,,,,,,,,,,,,,,,,,,,,,,,,,,,,,,,,,,,,,,,,,,,,,,,,,,,,,,,,,,,,,,,,,,,,,,,,,,,,,,,,,,,,,,,,,,,,,,,,,,,,,,,,,,,,,,,,,,,769.7895520999882,None,769.7895520999882,None,None,769.7895520999882,None,769.7895520999882,None,769.7895520999882,None,770.8061633999896,None,770.8061633999896,None,None,,770.8061633999896,None,770.8061633999896,None,770.8061633999896,None,,,,,768.2729028999893,None,,,,,,,,,,,,,,,,,zz,i,i,2020_Jul_08_1755,TRK-online,2020.1.3,60.00074401139849,
,,,,,,,OBJ,TARGET,,stimuli/fractals/81c.jpg,75.0,225.0,1000,,17,None,,stimuli/fractals/81c.jpg,stimuli/fractals/81a.jpg,stimuli/fractals/81b.jpg,75.0,225.0,-75.0,225.0,225.0,225.0,-375.0,-225.0,,,,,,1,,16.0,LLP,stimuli/fractals/81c.jpg,75.0,225.0,,,,,,,,,,,,,,,,,,,,,,,,,,,,,,,,,,,,,,,,,2,0,2,0,1,0,1,0,0,1,1,1,,,,,,,,,,,,,,,,,,,,,,,,,,,,,,,,,,,,,,,,,,,,,,,,,,,,,,,,,,,,,,,,,,,,,,,,,,,,,,,,,,,,,,,,,,,,,,,,,,,,,,,,,,,,,,,,,,,,,,,,,,,,,,,,,,,,,,,,,,,,,,,,,,,,,,,,,,,,,,,,,,,,,,,,,,,,,,,,,,,,,,774.8060986999917,None,774.8060986999917,None,None,774.8060986999917,None,774.8060986999917,None,774.8060986999917,None,775.8560381999996,None,775.8560381999996,None,None,,775.8560381999996,None,775.8560381999996,None,775.8560381999996,None,,,,,,,,,,,,,,,,,,,,,,,zz,i,i,2020_Jul_08_1755,TRK-online,2020.1.3,60.00074401139849,
,,,,,,,OBJ,FOIL,,stimuli/fractals/64b.jpg,375.0,225.0,500,,18,None,,None,None,None,None,None,None,None,None,None,None,None,,,,,,1,,0.0,FOIL,None,0.0,0.0,,,,,,,,,,,,,,,,,,,,,,,,,,,,,,,,,,,,,,,,,2,0,2,0,1,0,1,0,0,2,2,2,,,,,,,,,,,,,,,,,,,,,,,,,,,,,,,,,,,,,,,,,,,,,,,,,,,,,,,,,,,,,,,,,,,,,,,,,,,,,,,,,,,,,,,,,,,,,,,,,,,,,,,,,,,,,,,,,,,,,,,,,,,,,,,,,,,,,,,,,,,,,,,,,,,,,,,,,,,,,,,,,,,,,,,,,,,,,,,,,,,,,,779.82260829999,None,779.82260829999,None,None,779.82260829999,None,779.82260829999,None,779.82260829999,None,780.339294999998,None,780.339294999998,None,None,,780.339294999998,None,780.339294999998,None,780.339294999998,None,,,,,,,,,,,,,,,,,,,,,,,zz,i,i,2020_Jul_08_1755,TRK-online,2020.1.3,60.00074401139849,
,,,,,,,LOC,TARGET,,stimuli/fractals/122b.jpg,375.0,225.0,3000,,19,None,,stimuli/fractals/122b.jpg,stimuli/fractals/122a.jpg,stimuli/fractals/122c.jpg,375.0,225.0,375.0,75.0,225.0,225.0,-375.0,-225.0,,,,,,2,,24.0,ERP,stimuli/fractals/122b.jpg,375.0,225.0,,,,,,,,,,,,,,,,,,,,,,,,,,,,,,,,,,,,,,,,,3,0,3,0,0,0,0,0,0,0,0,0,,,,,,,,,,,,,,,,,,,,,,,,,,,,,,,,,,,,,,,,,,,,,,,,,,,,,,,,,,,,,,,,,,,,,,,,,,,,,,,,,,,,,,,,,,,,,,,,,,,,,,,,,,,,,,,,,,,,,,,,,,,,,,,,,,,,,,,,,,,,,,,,,,,,,,,,,,,,,,,,,,,,,,,,,,,,,,,,,,,,,,807.972279499998,None,807.972279499998,None,None,807.972279499998,None,807.972279499998,None,807.972279499998,None,811.0051604999899,None,811.0051604999899,None,None,,811.0051604999899,None,811.0051604999899,None,811.0051604999899,None,,,805.4223834000004,None,806.4223338999873,None,784.3391678999906,None,right,21.06448200000159,784.3391678999906,None,,,,,,,,,,,zz,i,i,2020_Jul_08_1755,TRK-online,2020.1.3,60.00074401139849,
,,,,,,,LOC,FOIL,,stimuli/fractals/95b.jpg,-375.0,-225.0,2000,,20,None,,stimuli/fractals/95b.jpg,stimuli/fractals/95a.jpg,stimuli/fractals/95c.jpg,225.0,225.0,75.0,225.0,375.0,225.0,-375.0,-225.0,,,,,,2,,28.0,OLP,stimuli/fractals/95b.jpg,225.0,225.0,,,,,,,,,,,,,,,,,,,,,,,,,,,,,,,,,,,,,,,,,3,0,3,0,0,0,0,0,0,1,1,1,,,,,,,,,,,,,,,,,,,,,,,,,,,,,,,,,,,,,,,,,,,,,,,,,,,,,,,,,,,,,,,,,,,,,,,,,,,,,,,,,,,,,,,,,,,,,,,,,,,,,,,,,,,,,,,,,,,,,,,,,,,,,,,,,,,,,,,,,,,,,,,,,,,,,,,,,,,,,,,,,,,,,,,,,,,,,,,,,,,,,,814.9884077999886,None,814.9884077999886,None,None,814.9884077999886,None,814.9884077999886,None,814.9884077999886,None,817.005075699999,None,817.005075699999,None,None,,817.005075699999,None,817.005075699999,None,817.005075699999,None,,,,,,,,,,,,,,,,,,,,,,,zz,i,i,2020_Jul_08_1755,TRK-online,2020.1.3,60.00074401139849,
,,,,,,,LOC,LURE,,stimuli/fractals/58b.jpg,75.0,-75.0,1000,,21,None,,stimuli/fractals/58b.jpg,stimuli/fractals/58a.jpg,stimuli/fractals/58c.jpg,75.0,75.0,-75.0,75.0,75.0,-75.0,-375.0,-225.0,,,,,,2,,23.0,LLP,stimuli/fractals/58b.jpg,75.0,75.0,,,,,,,,,,,,,,,,,,,,,,,,,,,,,,,,,,,,,,,,,3,0,3,0,0,0,0,0,0,2,2,2,,,,,,,,,,,,,,,,,,,,,,,,,,,,,,,,,,,,,,,,,,,,,,,,,,,,,,,,,,,,,,,,,,,,,,,,,,,,,,,,,,,,,,,,,,,,,,,,,,,,,,,,,,,,,,,,,,,,,,,,,,,,,,,,,,,,,,,,,,,,,,,,,,,,,,,,,,,,,,,,,,,,,,,,,,,,,,,,,,,,,,821.0048872999905,None,821.0048872999905,None,None,821.0048872999905,None,821.0048872999905,None,821.0048872999905,None,822.0215709999902,None,822.0215709999902,None,None,,822.0215709999902,None,822.0215709999902,None,822.0215709999902,None,,,,,,,,,,,,,,,,,,,,,,,zz,i,i,2020_Jul_08_1755,TRK-online,2020.1.3,60.00074401139849,
,,,,,,,LOC,TARGET,,stimuli/fractals/15c.jpg,-75.0,75.0,3000,,22,None,,stimuli/fractals/15c.jpg,stimuli/fractals/15b.jpg,stimuli/fractals/15a.jpg,-75.0,75.0,-75.0,225.0,75.0,75.0,375.0,-225.0,,,,,,2,,25.0,ERP,stimuli/fractals/15c.jpg,-75.0,75.0,,,,,,,,,,,,,,,,,,,,,,,,,,,,,,,,,,,,,,,,,3,0,3,0,1,0,1,0,0,0,0,0,,,,,,,,,,,,,,,,,,,,,,,,,,,,,,,,,,,,,,,,,,,,,,,,,,,,,,,,,,,,,,,,,,,,,,,,,,,,,,,,,,,,,,,,,,,,,,,,,,,,,,,,,,,,,,,,,,,,,,,,,,,,,,,,,,,,,,,,,,,,,,,,,,,,,,,,,,,,,,,,,,,,,,,,,,,,,,,,,,,,,,827.5380784000008,None,827.5380784000008,None,None,827.5380784000008,None,827.5380784000008,None,827.5380784000008,None,830.571343699994,None,830.571343699994,None,None,,830.571343699994,None,830.571343699994,None,830.571343699994,None,,,,,826.0214640999911,None,,,,,,,,,,,,,,,,,zz,i,i,2020_Jul_08_1755,TRK-online,2020.1.3,60.00074401139849,
,,,,,,,LOC,TARGET,,stimuli/fractals/111a.jpg,-375.0,-75.0,1000,,23,None,,stimuli/fractals/111a.jpg,stimuli/fractals/111b.jpg,stimuli/fractals/111c.jpg,-375.0,-75.0,-375.0,-225.0,-225.0,-75.0,375.0,225.0,,,,,,2,,34.0,ERP,stimuli/fractals/111a.jpg,-375.0,-75.0,,,,,,,,,,,,,,,,,,,,,,,,,,,,,,,,,,,,,,,,,3,0,3,0,1,0,1,0,0,1,1,1,,,,,,,,,,,,,,,,,,,,,,,,,,,,,,,,,,,,,,,,,,,,,,,,,,,,,,,,,,,,,,,,,,,,,,,,,,,,,,,,,,,,,,,,,,,,,,,,,,,,,,,,,,,,,,,,,,,,,,,,,,,,,,,,,,,,,,,,,,,,,,,,,,,,,,,,,,,,,,,,,,,,,,,,,,,,,,,,,,,,,,834.5545860999991,None,834.5545860999991,None,None,834.5545860999991,None,834.5545860999991,None,834.5545860999991,None,835.5878856999916,None,835.5878856999916,None,None,,835.5878856999916,None,835.5878856999916,None,835.5878856999916,None,,,,,,,,,,,,,,,,,,,,,,,zz,i,i,2020_Jul_08_1755,TRK-online,2020.1.3,60.00074401139849,
,,,,,,,LOC,TARGET,,stimuli/fractals/62b.jpg,375.0,-75.0,1000,,24,None,,stimuli/fractals/62b.jpg,stimuli/fractals/62a.jpg,stimuli/fractals/62c.jpg,375.0,-75.0,225.0,-75.0,375.0,-225.0,-225.0,75.0,,,,,,2,,36.0,LLP,stimuli/fractals/62b.jpg,375.0,-75.0,,,,,,,,,,,,,,,,,,,,,,,,,,,,,,,,,,,,,,,,,3,0,3,0,1,0,1,0,0,2,2,2,,,,,,,,,,,,,,,,,,,,,,,,,,,,,,,,,,,,,,,,,,,,,,,,,,,,,,,,,,,,,,,,,,,,,,,,,,,,,,,,,,,,,,,,,,,,,,,,,,,,,,,,,,,,,,,,,,,,,,,,,,,,,,,,,,,,,,,,,,,,,,,,,,,,,,,,,,,,,,,,,,,,,,,,,,,,,,,,,,,,,,839.5711588999984,None,839.5711588999984,None,None,839.5711588999984,None,839.5711588999984,None,839.5711588999984,None,840.5877684999869,None,840.5877684999869,None,None,,840.5877684999869,None,840.5877684999869,None,840.5877684999869,None,,,,,,,,,,,,,,,,,,,,,,,zz,i,i,2020_Jul_08_1755,TRK-online,2020.1.3,60.00074401139849,
"Mit gondol, az első ‘Galéria berendezés’ feladatban mennyi olyan kép volt, amit nem nézett meg figyelmesen?","D: 0-10    F: 10-30    J: 30-50    K: több, mint 50",d,Köszönjük a választ.,Köszönjük a választ.,Még 2 kérdés van hátra. ,,,,,,,,,,,,,,,,,,,,,,,,,,,,,,,,,,,,,,,,,,,,,,,,,,,,,,,,,,,,,,,,,,,,,,,,,,,,,,,,,,,,,,,,0,0,0,0,,,,,,,,,850.1545665999874,None,850.1545665999874,None,d,1,4.793820599996252,851.1379061999905,None,855.9544063999929,None,None,858.9376641099894,None,858.9376641099894,None,857.9543535999983,857.9543535999983,,,,,,,,,,,,,,,,,,,,,,,,,,,,,,,,,,,,,,,,,,,,,,,,,,,,,,,,,,,,,,,,,,,,,,,,,,,,,,,,,,,,,,,,,,,,,,,,,,,,,,,,,,,,,,,,,,,,,,,,,,,,,,,,,,,,,,,,,,,,,,,,,,,,,,,,,,,,,,,,,,,,,,,,,,,,,,,,,,,,,844.6043372999993,None,right,5.503553500006092,844.6043372999993,None,,,,,,,,,,,zz,i,i,2020_Jul_08_1755,TRK-online,2020.1.3,60.00074401139849,
"Mit gondol, a második ‘Képfelismerés’ feladatban mennyi olyan kép volt, amit nem nézett meg figyelmesen?","D: 0-10    F: 10-30    J: 30-50    K: több, mint 50",d,Köszönjük a választ.,Köszönjük a választ.,Még 1 kérdés van hátra. ,,,,,,,,,,,,,,,,,,,,,,,,,,,,,,,,,,,,,,,,,,,,,,,,,,,,,,,,,,,,,,,,,,,,,,,,,,,,,,,,,,,,,,,,0,1,1,1,,,,,,,,,858.9543501000007,None,858.9543501000007,None,k,0,2.209978900005808,859.9376830999972,None,862.1709155999997,None,right,865.1541929999948,None,865.1541929999948,None,864.1709039999987,None,,,,,,,,,,,,,,,,,,,,,,,,,,,,,,,,,,,,,,,,,,,,,,,,,,,,,,,,,,,,,,,,,,,,,,,,,,,,,,,,,,,,,,,,,,,,,,,,,,,,,,,,,,,,,,,,,,,,,,,,,,,,,5.033525499995449,,,,,,,,,,,,,,,,,,,,,,,,,,,,,,,,,,,,,,,,,,,,,,,,,,,,,,,,,,,,,,,,,,,,,,,,zz,i,i,2020_Jul_08_1755,TRK-online,2020.1.3,60.00074401139849,
"Hogy érzi, lelkiismeretesen, figyelmesen oldotta meg a feladatokat? Kérjük, válaszoljon őszintén. Válasza a vizsgálat bejefezésével járó jutalom (kredit, ajándékutalvány) értékét nem befolyásolja.",D: Igen    K: Nem,d,Köszönjük a választ.,Köszönjük a választ.,Most megkapja a vizsgálat befejezését igazoló kódot.,,,,,,,,,,,,,,,,,,,,,,,,,,,,,,,,,,,,,,,,,,,,,,,,,,,,,,,,,,,,,,,,,,,,,,,,,,,,,,,,,,,,,,,,0,2,2,2,,,,,,,,,870.2207293999963,None,870.2207293999963,None,d,1,15.655484000002616,871.2040439999982,None,886.8870565999969,None,None,889.8702734099876,None,889.8702734099876,None,888.8869311999879,888.8869311999879,,,,,,,,,,,,,,,,,,,,,,,,,,,,,,,,,,,,,,,,,,,,,,,,,,,,,,,,,,,,,,,,,,,,,,,,,,,,,,,,,,,,,,,,,,,,,,,,,,,,,,,,,,,,,,,,,,,,,,,,,,,,,,,,,,,,,,,,,,,,,,,,,,,,,,,,,,,,,,,,,,,,,,,,,,,,,,,,,,,,,,,,,,,,,,,,,,,,,zz,i,i,2020_Jul_08_1755,TRK-online,2020.1.3,60.00074401139849,
,,,,,,,,,,,,,,,,,,,,,,,,,,,,,,,,,,,,,,,,,,,,,,,,,,,,,,,,,,,,,,,,,,,,,,,,,,,,,,,,,,,,,,,,,,,,,,,,,,,,,,,,,,,,,,,,,,,,,,,,,,,,,,,,,,,,,,,,,,,,,,,,,,,,,,,,,,,,,,,,,,,,,,,,,,,,,,,,,,,,,,,,,,,,,,,,,,,,,,,,,,,,,,,,,,,,,,,,,,,,,,,,,,,,,,,,,,,,,,,,,,,,,,,,,,,,,,,,,,,,,,,,,,,,,,,,,,,,,,,,,,,,,,,,,,,,,,,,,,,,,,,,,,,,,889.8703068999894,None,889.8703068999894,None,892.8535204999935,None,right,17.454093599997577,893.8534981999983,None,zz,i,i,2020_Jul_08_1755,TRK-online,2020.1.3,60.00074401139849,
