TrialIndex,Jitter,ScannerRun,StimType,Order,Delay,CurrentImage,CurrentX,CurrentY,TripletMemberA,TripletMemberB,TripletMemberC,Xcoordinate,Ycoordinate,Xcoordinate_lure1,Ycoordinate_lure1,Xcoordinate_lure2,Ycoordinate_lure2,Xcoordinate_foil,Ycoordinate_foil
1,2000,1,OLP,1,3,stimuli/fractals/106a.jpg,212.1320344,212.1320344,stimuli/fractals/106a.jpg,stimuli/fractals/106c.jpg,stimuli/fractals/106b.jpg,212.1320344,212.1320344,0.0,300.0,300.0,0.0,-212.1320344,-212.1320344
2,6000,1,OLP,1,3,stimuli/fractals/78a.jpg,212.1320344,-212.1320344,stimuli/fractals/78a.jpg,stimuli/fractals/78c.jpg,stimuli/fractals/78b.jpg,212.1320344,-212.1320344,0.0,-300.0,300.0,0.0,-212.1320344,212.1320344
3,2000,1,LLP,1,5,stimuli/fractals/129b.jpg,212.1320344,212.1320344,stimuli/fractals/129b.jpg,stimuli/fractals/129c.jpg,stimuli/fractals/129a.jpg,212.1320344,212.1320344,300.0,0.0,0.0,300.0,-212.1320344,-212.1320344
4,1000,1,ERP,1,2,stimuli/fractals/94c.jpg,212.1320344,-212.1320344,stimuli/fractals/94c.jpg,stimuli/fractals/94b.jpg,stimuli/fractals/94a.jpg,212.1320344,-212.1320344,300.0,0.0,0.0,-300.0,-300.0,0.0
5,5000,1,OLP,2,0,stimuli/fractals/106c.jpg,212.1320344,212.1320344,stimuli/fractals/106a.jpg,stimuli/fractals/106c.jpg,stimuli/fractals/106b.jpg,212.1320344,212.1320344,0.0,300.0,300.0,0.0,-212.1320344,-212.1320344
6,3000,1,OLP,2,0,stimuli/fractals/78c.jpg,212.1320344,-212.1320344,stimuli/fractals/78a.jpg,stimuli/fractals/78c.jpg,stimuli/fractals/78b.jpg,212.1320344,-212.1320344,0.0,-300.0,300.0,0.0,-212.1320344,212.1320344
7,6000,1,ERP,2,0,stimuli/fractals/94c.jpg,212.1320344,-212.1320344,stimuli/fractals/94c.jpg,stimuli/fractals/94b.jpg,stimuli/fractals/94a.jpg,212.1320344,-212.1320344,300.0,0.0,0.0,-300.0,-300.0,0.0
8,2000,1,ERP,1,5,stimuli/fractals/59a.jpg,-212.1320344,-212.1320344,stimuli/fractals/59a.jpg,stimuli/fractals/59b.jpg,stimuli/fractals/59c.jpg,-212.1320344,-212.1320344,-300.0,0.0,0.0,-300.0,212.1320344,212.1320344
9,2000,1,LLP,2,0,stimuli/fractals/129b.jpg,300.0,0.0,stimuli/fractals/129b.jpg,stimuli/fractals/129c.jpg,stimuli/fractals/129a.jpg,212.1320344,212.1320344,300.0,0.0,0.0,300.0,-212.1320344,-212.1320344
10,3000,1,LLP,1,4,stimuli/fractals/127c.jpg,212.1320344,-212.1320344,stimuli/fractals/127c.jpg,stimuli/fractals/127a.jpg,stimuli/fractals/127b.jpg,212.1320344,-212.1320344,300.0,0.0,0.0,-300.0,-300.0,0.0
11,2000,1,ERP,1,1,stimuli/fractals/48a.jpg,0.0,300.0,stimuli/fractals/48a.jpg,stimuli/fractals/48c.jpg,stimuli/fractals/48b.jpg,0.0,300.0,-212.1320344,212.1320344,212.1320344,212.1320344,0.0,-300.0
12,2000,1,OLP,1,4,stimuli/fractals/120c.jpg,-212.1320344,-212.1320344,stimuli/fractals/120c.jpg,stimuli/fractals/120a.jpg,stimuli/fractals/120b.jpg,-212.1320344,-212.1320344,-300.0,0.0,0.0,-300.0,212.1320344,212.1320344
13,2000,1,ERP,2,0,stimuli/fractals/48a.jpg,0.0,300.0,stimuli/fractals/48a.jpg,stimuli/fractals/48c.jpg,stimuli/fractals/48b.jpg,0.0,300.0,-212.1320344,212.1320344,212.1320344,212.1320344,0.0,-300.0
14,500,1,ERP,2,0,stimuli/fractals/59a.jpg,-212.1320344,-212.1320344,stimuli/fractals/59a.jpg,stimuli/fractals/59b.jpg,stimuli/fractals/59c.jpg,-212.1320344,-212.1320344,-300.0,0.0,0.0,-300.0,212.1320344,212.1320344
15,500,1,LLP,2,0,stimuli/fractals/127c.jpg,300.0,0.0,stimuli/fractals/127c.jpg,stimuli/fractals/127a.jpg,stimuli/fractals/127b.jpg,212.1320344,-212.1320344,300.0,0.0,0.0,-300.0,-300.0,0.0
16,1000,1,LLP,1,2,stimuli/fractals/104c.jpg,-212.1320344,-212.1320344,stimuli/fractals/104c.jpg,stimuli/fractals/104b.jpg,stimuli/fractals/104a.jpg,-212.1320344,-212.1320344,-300.0,0.0,0.0,-300.0,300.0,0.0
17,3000,1,OLP,2,0,stimuli/fractals/120a.jpg,-212.1320344,-212.1320344,stimuli/fractals/120c.jpg,stimuli/fractals/120a.jpg,stimuli/fractals/120b.jpg,-212.1320344,-212.1320344,-300.0,0.0,0.0,-300.0,212.1320344,212.1320344
18,4000,1,OLP,1,1,stimuli/fractals/137c.jpg,0.0,300.0,stimuli/fractals/137c.jpg,stimuli/fractals/137b.jpg,stimuli/fractals/137a.jpg,0.0,300.0,212.1320344,212.1320344,-212.1320344,212.1320344,0.0,-300.0
19,1000,1,LLP,2,0,stimuli/fractals/104c.jpg,-300.0,0.0,stimuli/fractals/104c.jpg,stimuli/fractals/104b.jpg,stimuli/fractals/104a.jpg,-212.1320344,-212.1320344,-300.0,0.0,0.0,-300.0,300.0,0.0
20,2000,1,OLP,2,0,stimuli/fractals/137b.jpg,0.0,300.0,stimuli/fractals/137c.jpg,stimuli/fractals/137b.jpg,stimuli/fractals/137a.jpg,0.0,300.0,212.1320344,212.1320344,-212.1320344,212.1320344,0.0,-300.0
21,5000,1,BL,0,0,stimuli/fractals/13c.jpg,212.1320344,212.1320344,stimuli/fractals/13c.jpg,stimuli/fractals/13b.jpg,stimuli/fractals/13a.jpg,212.1320344,212.1320344,,,,,,
22,1000,1,ERP,1,3,stimuli/fractals/2c.jpg,-300.0,0.0,stimuli/fractals/2c.jpg,stimuli/fractals/2a.jpg,stimuli/fractals/2b.jpg,-300.0,0.0,-212.1320344,212.1320344,-212.1320344,-212.1320344,212.1320344,-212.1320344
23,2000,1,LLP,1,5,stimuli/fractals/95c.jpg,212.1320344,-212.1320344,stimuli/fractals/95c.jpg,stimuli/fractals/95b.jpg,stimuli/fractals/95a.jpg,212.1320344,-212.1320344,0.0,-300.0,300.0,0.0,0.0,300.0
24,1000,1,ERP,1,2,stimuli/fractals/75a.jpg,212.1320344,-212.1320344,stimuli/fractals/75a.jpg,stimuli/fractals/75c.jpg,stimuli/fractals/75b.jpg,212.1320344,-212.1320344,0.0,-300.0,300.0,0.0,0.0,300.0
25,2000,1,ERP,1,5,stimuli/fractals/67c.jpg,-300.0,0.0,stimuli/fractals/67c.jpg,stimuli/fractals/67a.jpg,stimuli/fractals/67b.jpg,-300.0,0.0,-212.1320344,-212.1320344,-212.1320344,212.1320344,212.1320344,212.1320344
26,1000,1,ERP,2,0,stimuli/fractals/2c.jpg,-300.0,0.0,stimuli/fractals/2c.jpg,stimuli/fractals/2a.jpg,stimuli/fractals/2b.jpg,-300.0,0.0,-212.1320344,212.1320344,-212.1320344,-212.1320344,212.1320344,-212.1320344
27,5000,1,ERP,2,0,stimuli/fractals/75a.jpg,212.1320344,-212.1320344,stimuli/fractals/75a.jpg,stimuli/fractals/75c.jpg,stimuli/fractals/75b.jpg,212.1320344,-212.1320344,0.0,-300.0,300.0,0.0,0.0,300.0
28,2000,1,OLP,1,3,stimuli/fractals/33b.jpg,0.0,-300.0,stimuli/fractals/33b.jpg,stimuli/fractals/33a.jpg,stimuli/fractals/33c.jpg,0.0,-300.0,212.1320344,-212.1320344,-212.1320344,-212.1320344,0.0,300.0
29,4000,1,LLP,2,0,stimuli/fractals/95c.jpg,0.0,-300.0,stimuli/fractals/95c.jpg,stimuli/fractals/95b.jpg,stimuli/fractals/95a.jpg,212.1320344,-212.1320344,0.0,-300.0,300.0,0.0,0.0,300.0
30,1000,1,OLP,1,2,stimuli/fractals/54b.jpg,300.0,0.0,stimuli/fractals/54b.jpg,stimuli/fractals/54a.jpg,stimuli/fractals/54c.jpg,300.0,0.0,212.1320344,-212.1320344,212.1320344,212.1320344,-212.1320344,212.1320344
31,3000,1,ERP,2,0,stimuli/fractals/67c.jpg,-300.0,0.0,stimuli/fractals/67c.jpg,stimuli/fractals/67a.jpg,stimuli/fractals/67b.jpg,-300.0,0.0,-212.1320344,-212.1320344,-212.1320344,212.1320344,212.1320344,212.1320344
32,4000,1,OLP,2,0,stimuli/fractals/33a.jpg,0.0,-300.0,stimuli/fractals/33b.jpg,stimuli/fractals/33a.jpg,stimuli/fractals/33c.jpg,0.0,-300.0,212.1320344,-212.1320344,-212.1320344,-212.1320344,0.0,300.0
33,1000,1,OLP,2,0,stimuli/fractals/54a.jpg,300.0,0.0,stimuli/fractals/54b.jpg,stimuli/fractals/54a.jpg,stimuli/fractals/54c.jpg,300.0,0.0,212.1320344,-212.1320344,212.1320344,212.1320344,-212.1320344,212.1320344
34,3000,1,ERP,1,4,stimuli/fractals/6b.jpg,0.0,300.0,stimuli/fractals/6b.jpg,stimuli/fractals/6c.jpg,stimuli/fractals/6a.jpg,0.0,300.0,-212.1320344,212.1320344,212.1320344,212.1320344,0.0,-300.0
35,7000,1,OLP,1,1,stimuli/fractals/135a.jpg,-212.1320344,212.1320344,stimuli/fractals/135a.jpg,stimuli/fractals/135c.jpg,stimuli/fractals/135b.jpg,-212.1320344,212.1320344,0.0,300.0,-300.0,0.0,212.1320344,-212.1320344
36,1000,1,LLP,1,4,stimuli/fractals/63c.jpg,-212.1320344,212.1320344,stimuli/fractals/63c.jpg,stimuli/fractals/63a.jpg,stimuli/fractals/63b.jpg,-212.1320344,212.1320344,0.0,300.0,-300.0,0.0,212.1320344,-212.1320344
37,1000,1,OLP,2,0,stimuli/fractals/135c.jpg,-212.1320344,212.1320344,stimuli/fractals/135a.jpg,stimuli/fractals/135c.jpg,stimuli/fractals/135b.jpg,-212.1320344,212.1320344,0.0,300.0,-300.0,0.0,212.1320344,-212.1320344
38,3000,1,LLP,1,1,stimuli/fractals/134b.jpg,212.1320344,-212.1320344,stimuli/fractals/134b.jpg,stimuli/fractals/134c.jpg,stimuli/fractals/134a.jpg,212.1320344,-212.1320344,0.0,-300.0,300.0,0.0,0.0,300.0
39,2000,1,ERP,2,0,stimuli/fractals/6b.jpg,0.0,300.0,stimuli/fractals/6b.jpg,stimuli/fractals/6c.jpg,stimuli/fractals/6a.jpg,0.0,300.0,-212.1320344,212.1320344,212.1320344,212.1320344,0.0,-300.0
40,1000,1,LLP,2,0,stimuli/fractals/134b.jpg,0.0,-300.0,stimuli/fractals/134b.jpg,stimuli/fractals/134c.jpg,stimuli/fractals/134a.jpg,212.1320344,-212.1320344,0.0,-300.0,300.0,0.0,0.0,300.0
41,3000,1,LLP,2,0,stimuli/fractals/63c.jpg,0.0,300.0,stimuli/fractals/63c.jpg,stimuli/fractals/63a.jpg,stimuli/fractals/63b.jpg,-212.1320344,212.1320344,0.0,300.0,-300.0,0.0,212.1320344,-212.1320344
42,3000,1,BL,0,0,stimuli/fractals/13c.jpg,212.1320344,212.1320344,stimuli/fractals/13c.jpg,stimuli/fractals/13b.jpg,stimuli/fractals/13a.jpg,212.1320344,212.1320344,,,,,,
43,2000,1,OLP,1,2,stimuli/fractals/109c.jpg,0.0,-300.0,stimuli/fractals/109c.jpg,stimuli/fractals/109b.jpg,stimuli/fractals/109a.jpg,0.0,-300.0,212.1320344,-212.1320344,-212.1320344,-212.1320344,-212.1320344,212.1320344
44,2000,1,OLP,1,5,stimuli/fractals/28a.jpg,-212.1320344,-212.1320344,stimuli/fractals/28a.jpg,stimuli/fractals/28c.jpg,stimuli/fractals/28b.jpg,-212.1320344,-212.1320344,-300.0,0.0,0.0,-300.0,212.1320344,212.1320344
45,1000,1,ERP,1,5,stimuli/fractals/118b.jpg,-300.0,0.0,stimuli/fractals/118b.jpg,stimuli/fractals/118c.jpg,stimuli/fractals/118a.jpg,-300.0,0.0,-212.1320344,-212.1320344,-212.1320344,212.1320344,300.0,0.0
46,4000,1,OLP,2,0,stimuli/fractals/109b.jpg,0.0,-300.0,stimuli/fractals/109c.jpg,stimuli/fractals/109b.jpg,stimuli/fractals/109a.jpg,0.0,-300.0,212.1320344,-212.1320344,-212.1320344,-212.1320344,-212.1320344,212.1320344
47,1000,1,LLP,1,1,stimuli/fractals/26a.jpg,0.0,-300.0,stimuli/fractals/26a.jpg,stimuli/fractals/26b.jpg,stimuli/fractals/26c.jpg,0.0,-300.0,-212.1320344,-212.1320344,212.1320344,-212.1320344,0.0,300.0
48,1000,1,ERP,1,3,stimuli/fractals/53c.jpg,-212.1320344,212.1320344,stimuli/fractals/53c.jpg,stimuli/fractals/53a.jpg,stimuli/fractals/53b.jpg,-212.1320344,212.1320344,-300.0,0.0,0.0,300.0,300.0,0.0
49,1000,1,LLP,2,0,stimuli/fractals/26a.jpg,-212.1320344,-212.1320344,stimuli/fractals/26a.jpg,stimuli/fractals/26b.jpg,stimuli/fractals/26c.jpg,0.0,-300.0,-212.1320344,-212.1320344,212.1320344,-212.1320344,0.0,300.0
50,1000,1,OLP,2,0,stimuli/fractals/28c.jpg,-212.1320344,-212.1320344,stimuli/fractals/28a.jpg,stimuli/fractals/28c.jpg,stimuli/fractals/28b.jpg,-212.1320344,-212.1320344,-300.0,0.0,0.0,-300.0,212.1320344,212.1320344
51,3000,1,ERP,2,0,stimuli/fractals/118b.jpg,-300.0,0.0,stimuli/fractals/118b.jpg,stimuli/fractals/118c.jpg,stimuli/fractals/118a.jpg,-300.0,0.0,-212.1320344,-212.1320344,-212.1320344,212.1320344,300.0,0.0
52,3000,1,ERP,2,0,stimuli/fractals/53c.jpg,-212.1320344,212.1320344,stimuli/fractals/53c.jpg,stimuli/fractals/53a.jpg,stimuli/fractals/53b.jpg,-212.1320344,212.1320344,-300.0,0.0,0.0,300.0,300.0,0.0
53,500,1,OLP,1,1,stimuli/fractals/24b.jpg,-300.0,0.0,stimuli/fractals/24b.jpg,stimuli/fractals/24c.jpg,stimuli/fractals/24a.jpg,-300.0,0.0,-212.1320344,-212.1320344,-212.1320344,212.1320344,212.1320344,212.1320344
54,1000,1,OLP,1,4,stimuli/fractals/30b.jpg,300.0,0.0,stimuli/fractals/30b.jpg,stimuli/fractals/30a.jpg,stimuli/fractals/30c.jpg,300.0,0.0,212.1320344,212.1320344,212.1320344,-212.1320344,-212.1320344,-212.1320344
55,1000,1,OLP,2,0,stimuli/fractals/24c.jpg,-300.0,0.0,stimuli/fractals/24b.jpg,stimuli/fractals/24c.jpg,stimuli/fractals/24a.jpg,-300.0,0.0,-212.1320344,-212.1320344,-212.1320344,212.1320344,212.1320344,212.1320344
56,1000,1,LLP,1,4,stimuli/fractals/73a.jpg,212.1320344,-212.1320344,stimuli/fractals/73a.jpg,stimuli/fractals/73b.jpg,stimuli/fractals/73c.jpg,212.1320344,-212.1320344,300.0,0.0,0.0,-300.0,-212.1320344,212.1320344
57,500,1,ERP,1,2,stimuli/fractals/86b.jpg,-212.1320344,-212.1320344,stimuli/fractals/86b.jpg,stimuli/fractals/86c.jpg,stimuli/fractals/86a.jpg,-212.1320344,-212.1320344,-300.0,0.0,0.0,-300.0,212.1320344,212.1320344
58,2000,1,ERP,1,3,stimuli/fractals/114b.jpg,212.1320344,-212.1320344,stimuli/fractals/114b.jpg,stimuli/fractals/114c.jpg,stimuli/fractals/114a.jpg,212.1320344,-212.1320344,0.0,-300.0,300.0,0.0,0.0,300.0
59,500,1,OLP,2,0,stimuli/fractals/30a.jpg,300.0,0.0,stimuli/fractals/30b.jpg,stimuli/fractals/30a.jpg,stimuli/fractals/30c.jpg,300.0,0.0,212.1320344,212.1320344,212.1320344,-212.1320344,-212.1320344,-212.1320344
60,6000,1,ERP,2,0,stimuli/fractals/86b.jpg,-212.1320344,-212.1320344,stimuli/fractals/86b.jpg,stimuli/fractals/86c.jpg,stimuli/fractals/86a.jpg,-212.1320344,-212.1320344,-300.0,0.0,0.0,-300.0,212.1320344,212.1320344
61,8000,1,LLP,2,0,stimuli/fractals/73a.jpg,300.0,0.0,stimuli/fractals/73a.jpg,stimuli/fractals/73b.jpg,stimuli/fractals/73c.jpg,212.1320344,-212.1320344,300.0,0.0,0.0,-300.0,-212.1320344,212.1320344
62,7000,1,ERP,2,0,stimuli/fractals/114b.jpg,212.1320344,-212.1320344,stimuli/fractals/114b.jpg,stimuli/fractals/114c.jpg,stimuli/fractals/114a.jpg,212.1320344,-212.1320344,0.0,-300.0,300.0,0.0,0.0,300.0
63,1000,1,BL,0,0,stimuli/fractals/13c.jpg,212.1320344,212.1320344,stimuli/fractals/13c.jpg,stimuli/fractals/13b.jpg,stimuli/fractals/13a.jpg,212.1320344,212.1320344,,,,,,
64,4000,1,OLP,1,1,stimuli/fractals/124a.jpg,212.1320344,212.1320344,stimuli/fractals/124a.jpg,stimuli/fractals/124b.jpg,stimuli/fractals/124c.jpg,212.1320344,212.1320344,0.0,300.0,300.0,0.0,-212.1320344,-212.1320344
65,2000,1,OLP,1,1,stimuli/fractals/68b.jpg,212.1320344,212.1320344,stimuli/fractals/68b.jpg,stimuli/fractals/68a.jpg,stimuli/fractals/68c.jpg,212.1320344,212.1320344,0.0,300.0,300.0,0.0,0.0,-300.0
66,4000,1,OLP,2,0,stimuli/fractals/124b.jpg,212.1320344,212.1320344,stimuli/fractals/124a.jpg,stimuli/fractals/124b.jpg,stimuli/fractals/124c.jpg,212.1320344,212.1320344,0.0,300.0,300.0,0.0,-212.1320344,-212.1320344
67,1000,1,OLP,2,0,stimuli/fractals/68a.jpg,212.1320344,212.1320344,stimuli/fractals/68b.jpg,stimuli/fractals/68a.jpg,stimuli/fractals/68c.jpg,212.1320344,212.1320344,0.0,300.0,300.0,0.0,0.0,-300.0
68,3000,1,OLP,1,4,stimuli/fractals/17a.jpg,300.0,0.0,stimuli/fractals/17a.jpg,stimuli/fractals/17b.jpg,stimuli/fractals/17c.jpg,300.0,0.0,212.1320344,212.1320344,212.1320344,-212.1320344,-300.0,0.0
69,1000,1,LLP,1,2,stimuli/fractals/84b.jpg,212.1320344,212.1320344,stimuli/fractals/84b.jpg,stimuli/fractals/84c.jpg,stimuli/fractals/84a.jpg,212.1320344,212.1320344,0.0,300.0,300.0,0.0,0.0,-300.0
70,1000,1,OLP,1,3,stimuli/fractals/108c.jpg,-212.1320344,212.1320344,stimuli/fractals/108c.jpg,stimuli/fractals/108b.jpg,stimuli/fractals/108a.jpg,-212.1320344,212.1320344,0.0,300.0,-300.0,0.0,0.0,-300.0
71,500,1,ERP,1,5,stimuli/fractals/11b.jpg,300.0,0.0,stimuli/fractals/11b.jpg,stimuli/fractals/11a.jpg,stimuli/fractals/11c.jpg,300.0,0.0,212.1320344,212.1320344,212.1320344,-212.1320344,-212.1320344,-212.1320344
72,7000,1,LLP,2,0,stimuli/fractals/84b.jpg,0.0,300.0,stimuli/fractals/84b.jpg,stimuli/fractals/84c.jpg,stimuli/fractals/84a.jpg,212.1320344,212.1320344,0.0,300.0,300.0,0.0,0.0,-300.0
73,4000,1,OLP,2,0,stimuli/fractals/17b.jpg,300.0,0.0,stimuli/fractals/17a.jpg,stimuli/fractals/17b.jpg,stimuli/fractals/17c.jpg,300.0,0.0,212.1320344,212.1320344,212.1320344,-212.1320344,-300.0,0.0
74,2000,1,OLP,2,0,stimuli/fractals/108b.jpg,-212.1320344,212.1320344,stimuli/fractals/108c.jpg,stimuli/fractals/108b.jpg,stimuli/fractals/108a.jpg,-212.1320344,212.1320344,0.0,300.0,-300.0,0.0,0.0,-300.0
75,2000,1,LLP,1,5,stimuli/fractals/101c.jpg,-212.1320344,-212.1320344,stimuli/fractals/101c.jpg,stimuli/fractals/101b.jpg,stimuli/fractals/101a.jpg,-212.1320344,-212.1320344,-300.0,0.0,0.0,-300.0,300.0,0.0
76,2000,1,OLP,1,3,stimuli/fractals/60b.jpg,-300.0,0.0,stimuli/fractals/60b.jpg,stimuli/fractals/60c.jpg,stimuli/fractals/60a.jpg,-300.0,0.0,-212.1320344,212.1320344,-212.1320344,-212.1320344,300.0,0.0
77,1000,1,ERP,2,0,stimuli/fractals/11b.jpg,300.0,0.0,stimuli/fractals/11b.jpg,stimuli/fractals/11a.jpg,stimuli/fractals/11c.jpg,300.0,0.0,212.1320344,212.1320344,212.1320344,-212.1320344,-212.1320344,-212.1320344
78,7000,1,OLP,1,4,stimuli/fractals/29c.jpg,212.1320344,212.1320344,stimuli/fractals/29c.jpg,stimuli/fractals/29a.jpg,stimuli/fractals/29b.jpg,212.1320344,212.1320344,0.0,300.0,300.0,0.0,0.0,-300.0
79,1000,1,ERP,1,2,stimuli/fractals/50c.jpg,-300.0,0.0,stimuli/fractals/50c.jpg,stimuli/fractals/50b.jpg,stimuli/fractals/50a.jpg,-300.0,0.0,-212.1320344,212.1320344,-212.1320344,-212.1320344,300.0,0.0
80,1000,1,OLP,2,0,stimuli/fractals/60c.jpg,-300.0,0.0,stimuli/fractals/60b.jpg,stimuli/fractals/60c.jpg,stimuli/fractals/60a.jpg,-300.0,0.0,-212.1320344,212.1320344,-212.1320344,-212.1320344,300.0,0.0
81,1000,1,LLP,2,0,stimuli/fractals/101c.jpg,-300.0,0.0,stimuli/fractals/101c.jpg,stimuli/fractals/101b.jpg,stimuli/fractals/101a.jpg,-212.1320344,-212.1320344,-300.0,0.0,0.0,-300.0,300.0,0.0
82,4000,1,ERP,2,0,stimuli/fractals/50c.jpg,-300.0,0.0,stimuli/fractals/50c.jpg,stimuli/fractals/50b.jpg,stimuli/fractals/50a.jpg,-300.0,0.0,-212.1320344,212.1320344,-212.1320344,-212.1320344,300.0,0.0
83,1000,1,OLP,2,0,stimuli/fractals/29a.jpg,212.1320344,212.1320344,stimuli/fractals/29c.jpg,stimuli/fractals/29a.jpg,stimuli/fractals/29b.jpg,212.1320344,212.1320344,0.0,300.0,300.0,0.0,0.0,-300.0
84,3000,1,BL,0,0,stimuli/fractals/13c.jpg,212.1320344,212.1320344,stimuli/fractals/13c.jpg,stimuli/fractals/13b.jpg,stimuli/fractals/13a.jpg,212.1320344,212.1320344,,,,,,
85,500,2,LLP,1,1,stimuli/fractals/56a.jpg,0.0,300.0,stimuli/fractals/56a.jpg,stimuli/fractals/56c.jpg,stimuli/fractals/56b.jpg,0.0,300.0,-212.1320344,212.1320344,212.1320344,212.1320344,0.0,-300.0
86,3000,2,OLP,1,2,stimuli/fractals/38c.jpg,0.0,-300.0,stimuli/fractals/38c.jpg,stimuli/fractals/38b.jpg,stimuli/fractals/38a.jpg,0.0,-300.0,212.1320344,-212.1320344,-212.1320344,-212.1320344,-212.1320344,212.1320344
87,2000,2,LLP,2,0,stimuli/fractals/56a.jpg,-212.1320344,212.1320344,stimuli/fractals/56a.jpg,stimuli/fractals/56c.jpg,stimuli/fractals/56b.jpg,0.0,300.0,-212.1320344,212.1320344,212.1320344,212.1320344,0.0,-300.0
88,3000,2,OLP,1,1,stimuli/fractals/3a.jpg,300.0,0.0,stimuli/fractals/3a.jpg,stimuli/fractals/3c.jpg,stimuli/fractals/3b.jpg,300.0,0.0,212.1320344,212.1320344,212.1320344,-212.1320344,-300.0,0.0
89,3000,2,OLP,2,0,stimuli/fractals/38b.jpg,0.0,-300.0,stimuli/fractals/38c.jpg,stimuli/fractals/38b.jpg,stimuli/fractals/38a.jpg,0.0,-300.0,212.1320344,-212.1320344,-212.1320344,-212.1320344,-212.1320344,212.1320344
90,4000,2,OLP,2,0,stimuli/fractals/3c.jpg,300.0,0.0,stimuli/fractals/3a.jpg,stimuli/fractals/3c.jpg,stimuli/fractals/3b.jpg,300.0,0.0,212.1320344,212.1320344,212.1320344,-212.1320344,-300.0,0.0
91,3000,2,ERP,1,3,stimuli/fractals/115b.jpg,212.1320344,212.1320344,stimuli/fractals/115b.jpg,stimuli/fractals/115c.jpg,stimuli/fractals/115a.jpg,212.1320344,212.1320344,0.0,300.0,300.0,0.0,-212.1320344,-212.1320344
92,2000,2,ERP,1,3,stimuli/fractals/119a.jpg,0.0,-300.0,stimuli/fractals/119a.jpg,stimuli/fractals/119b.jpg,stimuli/fractals/119c.jpg,0.0,-300.0,-212.1320344,-212.1320344,212.1320344,-212.1320344,0.0,300.0
93,8000,2,OLP,1,5,stimuli/fractals/131a.jpg,0.0,300.0,stimuli/fractals/131a.jpg,stimuli/fractals/131b.jpg,stimuli/fractals/131c.jpg,0.0,300.0,-212.1320344,212.1320344,212.1320344,212.1320344,0.0,-300.0
94,1000,2,LLP,1,5,stimuli/fractals/102a.jpg,212.1320344,-212.1320344,stimuli/fractals/102a.jpg,stimuli/fractals/102b.jpg,stimuli/fractals/102c.jpg,212.1320344,-212.1320344,0.0,-300.0,300.0,0.0,0.0,300.0
95,500,2,ERP,2,0,stimuli/fractals/115b.jpg,212.1320344,212.1320344,stimuli/fractals/115b.jpg,stimuli/fractals/115c.jpg,stimuli/fractals/115a.jpg,212.1320344,212.1320344,0.0,300.0,300.0,0.0,-212.1320344,-212.1320344
96,2000,2,ERP,2,0,stimuli/fractals/119a.jpg,0.0,-300.0,stimuli/fractals/119a.jpg,stimuli/fractals/119b.jpg,stimuli/fractals/119c.jpg,0.0,-300.0,-212.1320344,-212.1320344,212.1320344,-212.1320344,0.0,300.0
97,2000,2,LLP,1,4,stimuli/fractals/46a.jpg,-212.1320344,212.1320344,stimuli/fractals/46a.jpg,stimuli/fractals/46b.jpg,stimuli/fractals/46c.jpg,-212.1320344,212.1320344,-300.0,0.0,0.0,300.0,300.0,0.0
98,6000,2,ERP,1,4,stimuli/fractals/34b.jpg,212.1320344,-212.1320344,stimuli/fractals/34b.jpg,stimuli/fractals/34c.jpg,stimuli/fractals/34a.jpg,212.1320344,-212.1320344,0.0,-300.0,300.0,0.0,0.0,300.0
99,4000,2,OLP,2,0,stimuli/fractals/131b.jpg,0.0,300.0,stimuli/fractals/131a.jpg,stimuli/fractals/131b.jpg,stimuli/fractals/131c.jpg,0.0,300.0,-212.1320344,212.1320344,212.1320344,212.1320344,0.0,-300.0
100,3000,2,LLP,2,0,stimuli/fractals/102a.jpg,0.0,-300.0,stimuli/fractals/102a.jpg,stimuli/fractals/102b.jpg,stimuli/fractals/102c.jpg,212.1320344,-212.1320344,0.0,-300.0,300.0,0.0,0.0,300.0
101,6000,2,LLP,1,2,stimuli/fractals/45b.jpg,-212.1320344,212.1320344,stimuli/fractals/45b.jpg,stimuli/fractals/45a.jpg,stimuli/fractals/45c.jpg,-212.1320344,212.1320344,-300.0,0.0,0.0,300.0,300.0,0.0
102,2000,2,LLP,2,0,stimuli/fractals/46a.jpg,-300.0,0.0,stimuli/fractals/46a.jpg,stimuli/fractals/46b.jpg,stimuli/fractals/46c.jpg,-212.1320344,212.1320344,-300.0,0.0,0.0,300.0,300.0,0.0
103,1000,2,ERP,2,0,stimuli/fractals/34b.jpg,212.1320344,-212.1320344,stimuli/fractals/34b.jpg,stimuli/fractals/34c.jpg,stimuli/fractals/34a.jpg,212.1320344,-212.1320344,0.0,-300.0,300.0,0.0,0.0,300.0
104,3000,2,LLP,2,0,stimuli/fractals/45b.jpg,-300.0,0.0,stimuli/fractals/45b.jpg,stimuli/fractals/45a.jpg,stimuli/fractals/45c.jpg,-212.1320344,212.1320344,-300.0,0.0,0.0,300.0,300.0,0.0
105,1000,2,BL,0,0,stimuli/fractals/13c.jpg,212.1320344,212.1320344,stimuli/fractals/13c.jpg,stimuli/fractals/13b.jpg,stimuli/fractals/13a.jpg,212.1320344,212.1320344,,,,,,
106,1000,2,ERP,1,4,stimuli/fractals/81b.jpg,-300.0,0.0,stimuli/fractals/81b.jpg,stimuli/fractals/81c.jpg,stimuli/fractals/81a.jpg,-300.0,0.0,-212.1320344,212.1320344,-212.1320344,-212.1320344,212.1320344,-212.1320344
107,1000,2,OLP,1,5,stimuli/fractals/145c.jpg,0.0,-300.0,stimuli/fractals/145c.jpg,stimuli/fractals/145a.jpg,stimuli/fractals/145b.jpg,0.0,-300.0,212.1320344,-212.1320344,-212.1320344,-212.1320344,0.0,300.0
108,5000,2,LLP,1,5,stimuli/fractals/69b.jpg,-212.1320344,-212.1320344,stimuli/fractals/69b.jpg,stimuli/fractals/69c.jpg,stimuli/fractals/69a.jpg,-212.1320344,-212.1320344,-300.0,0.0,0.0,-300.0,212.1320344,212.1320344
109,2000,2,OLP,1,2,stimuli/fractals/76b.jpg,-300.0,0.0,stimuli/fractals/76b.jpg,stimuli/fractals/76c.jpg,stimuli/fractals/76a.jpg,-300.0,0.0,-212.1320344,-212.1320344,-212.1320344,212.1320344,300.0,0.0
110,1000,2,ERP,1,4,stimuli/fractals/9a.jpg,300.0,0.0,stimuli/fractals/9a.jpg,stimuli/fractals/9c.jpg,stimuli/fractals/9b.jpg,300.0,0.0,212.1320344,212.1320344,212.1320344,-212.1320344,-300.0,0.0
111,2000,2,ERP,2,0,stimuli/fractals/81b.jpg,-300.0,0.0,stimuli/fractals/81b.jpg,stimuli/fractals/81c.jpg,stimuli/fractals/81a.jpg,-300.0,0.0,-212.1320344,212.1320344,-212.1320344,-212.1320344,212.1320344,-212.1320344
112,5000,2,OLP,2,0,stimuli/fractals/76c.jpg,-300.0,0.0,stimuli/fractals/76b.jpg,stimuli/fractals/76c.jpg,stimuli/fractals/76a.jpg,-300.0,0.0,-212.1320344,-212.1320344,-212.1320344,212.1320344,300.0,0.0
113,1000,2,OLP,2,0,stimuli/fractals/145a.jpg,0.0,-300.0,stimuli/fractals/145c.jpg,stimuli/fractals/145a.jpg,stimuli/fractals/145b.jpg,0.0,-300.0,212.1320344,-212.1320344,-212.1320344,-212.1320344,0.0,300.0
114,1000,2,LLP,2,0,stimuli/fractals/69b.jpg,-300.0,0.0,stimuli/fractals/69b.jpg,stimuli/fractals/69c.jpg,stimuli/fractals/69a.jpg,-212.1320344,-212.1320344,-300.0,0.0,0.0,-300.0,212.1320344,212.1320344
115,2000,2,ERP,2,0,stimuli/fractals/9a.jpg,300.0,0.0,stimuli/fractals/9a.jpg,stimuli/fractals/9c.jpg,stimuli/fractals/9b.jpg,300.0,0.0,212.1320344,212.1320344,212.1320344,-212.1320344,-300.0,0.0
116,5000,2,ERP,1,3,stimuli/fractals/23b.jpg,0.0,300.0,stimuli/fractals/23b.jpg,stimuli/fractals/23a.jpg,stimuli/fractals/23c.jpg,0.0,300.0,212.1320344,212.1320344,-212.1320344,212.1320344,0.0,-300.0
117,6000,2,LLP,1,1,stimuli/fractals/144a.jpg,0.0,300.0,stimuli/fractals/144a.jpg,stimuli/fractals/144c.jpg,stimuli/fractals/144b.jpg,0.0,300.0,212.1320344,212.1320344,-212.1320344,212.1320344,-212.1320344,-212.1320344
118,2000,2,LLP,1,3,stimuli/fractals/22c.jpg,0.0,300.0,stimuli/fractals/22c.jpg,stimuli/fractals/22b.jpg,stimuli/fractals/22a.jpg,0.0,300.0,212.1320344,212.1320344,-212.1320344,212.1320344,0.0,-300.0
119,500,2,LLP,2,0,stimuli/fractals/144a.jpg,212.1320344,212.1320344,stimuli/fractals/144a.jpg,stimuli/fractals/144c.jpg,stimuli/fractals/144b.jpg,0.0,300.0,212.1320344,212.1320344,-212.1320344,212.1320344,-212.1320344,-212.1320344
120,1000,2,ERP,2,0,stimuli/fractals/23b.jpg,0.0,300.0,stimuli/fractals/23b.jpg,stimuli/fractals/23a.jpg,stimuli/fractals/23c.jpg,0.0,300.0,212.1320344,212.1320344,-212.1320344,212.1320344,0.0,-300.0
121,3000,2,LLP,1,2,stimuli/fractals/1b.jpg,0.0,-300.0,stimuli/fractals/1b.jpg,stimuli/fractals/1c.jpg,stimuli/fractals/1a.jpg,0.0,-300.0,-212.1320344,-212.1320344,212.1320344,-212.1320344,212.1320344,212.1320344
122,1000,2,LLP,2,0,stimuli/fractals/22c.jpg,212.1320344,212.1320344,stimuli/fractals/22c.jpg,stimuli/fractals/22b.jpg,stimuli/fractals/22a.jpg,0.0,300.0,212.1320344,212.1320344,-212.1320344,212.1320344,0.0,-300.0
123,2000,2,ERP,1,1,stimuli/fractals/89b.jpg,0.0,300.0,stimuli/fractals/89b.jpg,stimuli/fractals/89c.jpg,stimuli/fractals/89a.jpg,0.0,300.0,212.1320344,212.1320344,-212.1320344,212.1320344,0.0,-300.0
124,2000,2,LLP,2,0,stimuli/fractals/1b.jpg,-212.1320344,-212.1320344,stimuli/fractals/1b.jpg,stimuli/fractals/1c.jpg,stimuli/fractals/1a.jpg,0.0,-300.0,-212.1320344,-212.1320344,212.1320344,-212.1320344,212.1320344,212.1320344
125,1000,2,ERP,2,0,stimuli/fractals/89b.jpg,0.0,300.0,stimuli/fractals/89b.jpg,stimuli/fractals/89c.jpg,stimuli/fractals/89a.jpg,0.0,300.0,212.1320344,212.1320344,-212.1320344,212.1320344,0.0,-300.0
126,1000,2,BL,0,0,stimuli/fractals/13c.jpg,212.1320344,212.1320344,stimuli/fractals/13c.jpg,stimuli/fractals/13b.jpg,stimuli/fractals/13a.jpg,212.1320344,212.1320344,,,,,,
127,500,2,ERP,1,1,stimuli/fractals/140b.jpg,-212.1320344,212.1320344,stimuli/fractals/140b.jpg,stimuli/fractals/140a.jpg,stimuli/fractals/140c.jpg,-212.1320344,212.1320344,0.0,300.0,-300.0,0.0,0.0,-300.0
128,3000,2,OLP,1,3,stimuli/fractals/20b.jpg,-212.1320344,212.1320344,stimuli/fractals/20b.jpg,stimuli/fractals/20c.jpg,stimuli/fractals/20a.jpg,-212.1320344,212.1320344,-300.0,0.0,0.0,300.0,300.0,0.0
129,2000,2,ERP,2,0,stimuli/fractals/140b.jpg,-212.1320344,212.1320344,stimuli/fractals/140b.jpg,stimuli/fractals/140a.jpg,stimuli/fractals/140c.jpg,-212.1320344,212.1320344,0.0,300.0,-300.0,0.0,0.0,-300.0
130,2000,2,LLP,1,2,stimuli/fractals/96a.jpg,212.1320344,-212.1320344,stimuli/fractals/96a.jpg,stimuli/fractals/96c.jpg,stimuli/fractals/96b.jpg,212.1320344,-212.1320344,0.0,-300.0,300.0,0.0,-212.1320344,212.1320344
131,1000,2,LLP,1,3,stimuli/fractals/47b.jpg,-212.1320344,212.1320344,stimuli/fractals/47b.jpg,stimuli/fractals/47c.jpg,stimuli/fractals/47a.jpg,-212.1320344,212.1320344,0.0,300.0,-300.0,0.0,212.1320344,-212.1320344
132,1000,2,OLP,2,0,stimuli/fractals/20c.jpg,-212.1320344,212.1320344,stimuli/fractals/20b.jpg,stimuli/fractals/20c.jpg,stimuli/fractals/20a.jpg,-212.1320344,212.1320344,-300.0,0.0,0.0,300.0,300.0,0.0
133,1000,2,LLP,2,0,stimuli/fractals/96a.jpg,0.0,-300.0,stimuli/fractals/96a.jpg,stimuli/fractals/96c.jpg,stimuli/fractals/96b.jpg,212.1320344,-212.1320344,0.0,-300.0,300.0,0.0,-212.1320344,212.1320344
134,3000,2,ERP,1,1,stimuli/fractals/80c.jpg,212.1320344,212.1320344,stimuli/fractals/80c.jpg,stimuli/fractals/80b.jpg,stimuli/fractals/80a.jpg,212.1320344,212.1320344,300.0,0.0,0.0,300.0,-300.0,0.0
135,1000,2,LLP,2,0,stimuli/fractals/47b.jpg,0.0,300.0,stimuli/fractals/47b.jpg,stimuli/fractals/47c.jpg,stimuli/fractals/47a.jpg,-212.1320344,212.1320344,0.0,300.0,-300.0,0.0,212.1320344,-212.1320344
136,3000,2,ERP,2,0,stimuli/fractals/80c.jpg,212.1320344,212.1320344,stimuli/fractals/80c.jpg,stimuli/fractals/80b.jpg,stimuli/fractals/80a.jpg,212.1320344,212.1320344,300.0,0.0,0.0,300.0,-300.0,0.0
137,2000,2,ERP,1,5,stimuli/fractals/64c.jpg,212.1320344,212.1320344,stimuli/fractals/64c.jpg,stimuli/fractals/64a.jpg,stimuli/fractals/64b.jpg,212.1320344,212.1320344,0.0,300.0,300.0,0.0,-212.1320344,-212.1320344
138,1000,2,LLP,1,5,stimuli/fractals/130c.jpg,300.0,0.0,stimuli/fractals/130c.jpg,stimuli/fractals/130b.jpg,stimuli/fractals/130a.jpg,300.0,0.0,212.1320344,-212.1320344,212.1320344,212.1320344,-212.1320344,212.1320344
139,2000,2,LLP,1,2,stimuli/fractals/57a.jpg,-300.0,0.0,stimuli/fractals/57a.jpg,stimuli/fractals/57c.jpg,stimuli/fractals/57b.jpg,-300.0,0.0,-212.1320344,-212.1320344,-212.1320344,212.1320344,212.1320344,212.1320344
140,4000,2,OLP,1,4,stimuli/fractals/66a.jpg,212.1320344,-212.1320344,stimuli/fractals/66a.jpg,stimuli/fractals/66b.jpg,stimuli/fractals/66c.jpg,212.1320344,-212.1320344,0.0,-300.0,300.0,0.0,0.0,300.0
141,1000,2,LLP,1,4,stimuli/fractals/36c.jpg,0.0,300.0,stimuli/fractals/36c.jpg,stimuli/fractals/36b.jpg,stimuli/fractals/36a.jpg,0.0,300.0,212.1320344,212.1320344,-212.1320344,212.1320344,0.0,-300.0
142,3000,2,LLP,2,0,stimuli/fractals/57a.jpg,-212.1320344,-212.1320344,stimuli/fractals/57a.jpg,stimuli/fractals/57c.jpg,stimuli/fractals/57b.jpg,-300.0,0.0,-212.1320344,-212.1320344,-212.1320344,212.1320344,212.1320344,212.1320344
143,2000,2,ERP,2,0,stimuli/fractals/64c.jpg,212.1320344,212.1320344,stimuli/fractals/64c.jpg,stimuli/fractals/64a.jpg,stimuli/fractals/64b.jpg,212.1320344,212.1320344,0.0,300.0,300.0,0.0,-212.1320344,-212.1320344
144,2000,2,LLP,2,0,stimuli/fractals/130c.jpg,212.1320344,-212.1320344,stimuli/fractals/130c.jpg,stimuli/fractals/130b.jpg,stimuli/fractals/130a.jpg,300.0,0.0,212.1320344,-212.1320344,212.1320344,212.1320344,-212.1320344,212.1320344
145,3000,2,OLP,2,0,stimuli/fractals/66b.jpg,212.1320344,-212.1320344,stimuli/fractals/66a.jpg,stimuli/fractals/66b.jpg,stimuli/fractals/66c.jpg,212.1320344,-212.1320344,0.0,-300.0,300.0,0.0,0.0,300.0
146,500,2,LLP,2,0,stimuli/fractals/36c.jpg,212.1320344,212.1320344,stimuli/fractals/36c.jpg,stimuli/fractals/36b.jpg,stimuli/fractals/36a.jpg,0.0,300.0,212.1320344,212.1320344,-212.1320344,212.1320344,0.0,-300.0
147,3000,2,BL,0,0,stimuli/fractals/13c.jpg,212.1320344,212.1320344,stimuli/fractals/13c.jpg,stimuli/fractals/13b.jpg,stimuli/fractals/13a.jpg,212.1320344,212.1320344,,,,,,
148,1000,2,LLP,1,3,stimuli/fractals/58c.jpg,300.0,0.0,stimuli/fractals/58c.jpg,stimuli/fractals/58b.jpg,stimuli/fractals/58a.jpg,300.0,0.0,212.1320344,-212.1320344,212.1320344,212.1320344,-212.1320344,212.1320344
149,500,2,OLP,1,1,stimuli/fractals/71c.jpg,-212.1320344,-212.1320344,stimuli/fractals/71c.jpg,stimuli/fractals/71b.jpg,stimuli/fractals/71a.jpg,-212.1320344,-212.1320344,-300.0,0.0,0.0,-300.0,212.1320344,212.1320344
150,1000,2,ERP,1,2,stimuli/fractals/16a.jpg,-212.1320344,-212.1320344,stimuli/fractals/16a.jpg,stimuli/fractals/16b.jpg,stimuli/fractals/16c.jpg,-212.1320344,-212.1320344,-300.0,0.0,0.0,-300.0,300.0,0.0
151,2000,2,OLP,2,0,stimuli/fractals/71b.jpg,-212.1320344,-212.1320344,stimuli/fractals/71c.jpg,stimuli/fractals/71b.jpg,stimuli/fractals/71a.jpg,-212.1320344,-212.1320344,-300.0,0.0,0.0,-300.0,212.1320344,212.1320344
152,1000,2,LLP,2,0,stimuli/fractals/58c.jpg,212.1320344,-212.1320344,stimuli/fractals/58c.jpg,stimuli/fractals/58b.jpg,stimuli/fractals/58a.jpg,300.0,0.0,212.1320344,-212.1320344,212.1320344,212.1320344,-212.1320344,212.1320344
153,4000,2,ERP,2,0,stimuli/fractals/16a.jpg,-212.1320344,-212.1320344,stimuli/fractals/16a.jpg,stimuli/fractals/16b.jpg,stimuli/fractals/16c.jpg,-212.1320344,-212.1320344,-300.0,0.0,0.0,-300.0,300.0,0.0
154,1000,2,LLP,1,3,stimuli/fractals/107c.jpg,212.1320344,212.1320344,stimuli/fractals/107c.jpg,stimuli/fractals/107b.jpg,stimuli/fractals/107a.jpg,212.1320344,212.1320344,300.0,0.0,0.0,300.0,-212.1320344,-212.1320344
155,3000,2,ERP,1,1,stimuli/fractals/35c.jpg,-212.1320344,-212.1320344,stimuli/fractals/35c.jpg,stimuli/fractals/35b.jpg,stimuli/fractals/35a.jpg,-212.1320344,-212.1320344,-300.0,0.0,0.0,-300.0,212.1320344,212.1320344
156,6000,2,LLP,1,5,stimuli/fractals/27b.jpg,0.0,-300.0,stimuli/fractals/27b.jpg,stimuli/fractals/27a.jpg,stimuli/fractals/27c.jpg,0.0,-300.0,212.1320344,-212.1320344,-212.1320344,-212.1320344,0.0,300.0
157,4000,2,ERP,2,0,stimuli/fractals/35c.jpg,-212.1320344,-212.1320344,stimuli/fractals/35c.jpg,stimuli/fractals/35b.jpg,stimuli/fractals/35a.jpg,-212.1320344,-212.1320344,-300.0,0.0,0.0,-300.0,212.1320344,212.1320344
158,6000,2,LLP,2,0,stimuli/fractals/107c.jpg,300.0,0.0,stimuli/fractals/107c.jpg,stimuli/fractals/107b.jpg,stimuli/fractals/107a.jpg,212.1320344,212.1320344,300.0,0.0,0.0,300.0,-212.1320344,-212.1320344
159,1000,2,ERP,1,4,stimuli/fractals/90b.jpg,0.0,-300.0,stimuli/fractals/90b.jpg,stimuli/fractals/90a.jpg,stimuli/fractals/90c.jpg,0.0,-300.0,212.1320344,-212.1320344,-212.1320344,-212.1320344,-212.1320344,212.1320344
160,500,2,OLP,1,4,stimuli/fractals/39a.jpg,212.1320344,212.1320344,stimuli/fractals/39a.jpg,stimuli/fractals/39c.jpg,stimuli/fractals/39b.jpg,212.1320344,212.1320344,300.0,0.0,0.0,300.0,-212.1320344,-212.1320344
161,1000,2,ERP,1,5,stimuli/fractals/121b.jpg,0.0,300.0,stimuli/fractals/121b.jpg,stimuli/fractals/121a.jpg,stimuli/fractals/121c.jpg,0.0,300.0,-212.1320344,212.1320344,212.1320344,212.1320344,0.0,-300.0
162,3000,2,LLP,2,0,stimuli/fractals/27b.jpg,212.1320344,-212.1320344,stimuli/fractals/27b.jpg,stimuli/fractals/27a.jpg,stimuli/fractals/27c.jpg,0.0,-300.0,212.1320344,-212.1320344,-212.1320344,-212.1320344,0.0,300.0
163,2000,2,OLP,1,2,stimuli/fractals/21b.jpg,212.1320344,212.1320344,stimuli/fractals/21b.jpg,stimuli/fractals/21a.jpg,stimuli/fractals/21c.jpg,212.1320344,212.1320344,0.0,300.0,300.0,0.0,-212.1320344,-212.1320344
164,500,2,ERP,2,0,stimuli/fractals/90b.jpg,0.0,-300.0,stimuli/fractals/90b.jpg,stimuli/fractals/90a.jpg,stimuli/fractals/90c.jpg,0.0,-300.0,212.1320344,-212.1320344,-212.1320344,-212.1320344,-212.1320344,212.1320344
165,1000,2,OLP,2,0,stimuli/fractals/39c.jpg,212.1320344,212.1320344,stimuli/fractals/39a.jpg,stimuli/fractals/39c.jpg,stimuli/fractals/39b.jpg,212.1320344,212.1320344,300.0,0.0,0.0,300.0,-212.1320344,-212.1320344
166,5000,2,OLP,2,0,stimuli/fractals/21a.jpg,212.1320344,212.1320344,stimuli/fractals/21b.jpg,stimuli/fractals/21a.jpg,stimuli/fractals/21c.jpg,212.1320344,212.1320344,0.0,300.0,300.0,0.0,-212.1320344,-212.1320344
167,3000,2,ERP,2,0,stimuli/fractals/121b.jpg,0.0,300.0,stimuli/fractals/121b.jpg,stimuli/fractals/121a.jpg,stimuli/fractals/121c.jpg,0.0,300.0,-212.1320344,212.1320344,212.1320344,212.1320344,0.0,-300.0
168,3000,2,BL,0,0,stimuli/fractals/13c.jpg,212.1320344,212.1320344,stimuli/fractals/13c.jpg,stimuli/fractals/13b.jpg,stimuli/fractals/13a.jpg,212.1320344,212.1320344,,,,,,
169,1000,3,LLP,1,1,stimuli/fractals/116b.jpg,0.0,-300.0,stimuli/fractals/116b.jpg,stimuli/fractals/116a.jpg,stimuli/fractals/116c.jpg,0.0,-300.0,-212.1320344,-212.1320344,212.1320344,-212.1320344,0.0,300.0
170,4000,3,LLP,1,4,stimuli/fractals/10c.jpg,-300.0,0.0,stimuli/fractals/10c.jpg,stimuli/fractals/10a.jpg,stimuli/fractals/10b.jpg,-300.0,0.0,-212.1320344,-212.1320344,-212.1320344,212.1320344,300.0,0.0
171,5000,3,LLP,2,0,stimuli/fractals/116b.jpg,-212.1320344,-212.1320344,stimuli/fractals/116b.jpg,stimuli/fractals/116a.jpg,stimuli/fractals/116c.jpg,0.0,-300.0,-212.1320344,-212.1320344,212.1320344,-212.1320344,0.0,300.0
172,3000,3,LLP,1,3,stimuli/fractals/117b.jpg,0.0,-300.0,stimuli/fractals/117b.jpg,stimuli/fractals/117c.jpg,stimuli/fractals/117a.jpg,0.0,-300.0,-212.1320344,-212.1320344,212.1320344,-212.1320344,212.1320344,212.1320344
173,1000,3,LLP,1,3,stimuli/fractals/103a.jpg,300.0,0.0,stimuli/fractals/103a.jpg,stimuli/fractals/103c.jpg,stimuli/fractals/103b.jpg,300.0,0.0,212.1320344,212.1320344,212.1320344,-212.1320344,-212.1320344,-212.1320344
174,4000,3,ERP,1,4,stimuli/fractals/97c.jpg,-212.1320344,212.1320344,stimuli/fractals/97c.jpg,stimuli/fractals/97b.jpg,stimuli/fractals/97a.jpg,-212.1320344,212.1320344,0.0,300.0,-300.0,0.0,0.0,-300.0
175,2000,3,LLP,2,0,stimuli/fractals/10c.jpg,-212.1320344,-212.1320344,stimuli/fractals/10c.jpg,stimuli/fractals/10a.jpg,stimuli/fractals/10b.jpg,-300.0,0.0,-212.1320344,-212.1320344,-212.1320344,212.1320344,300.0,0.0
176,500,3,LLP,2,0,stimuli/fractals/117b.jpg,-212.1320344,-212.1320344,stimuli/fractals/117b.jpg,stimuli/fractals/117c.jpg,stimuli/fractals/117a.jpg,0.0,-300.0,-212.1320344,-212.1320344,212.1320344,-212.1320344,212.1320344,212.1320344
177,1000,3,LLP,2,0,stimuli/fractals/103a.jpg,212.1320344,212.1320344,stimuli/fractals/103a.jpg,stimuli/fractals/103c.jpg,stimuli/fractals/103b.jpg,300.0,0.0,212.1320344,212.1320344,212.1320344,-212.1320344,-212.1320344,-212.1320344
178,2000,3,LLP,1,5,stimuli/fractals/83a.jpg,0.0,-300.0,stimuli/fractals/83a.jpg,stimuli/fractals/83b.jpg,stimuli/fractals/83c.jpg,0.0,-300.0,212.1320344,-212.1320344,-212.1320344,-212.1320344,0.0,300.0
179,8000,3,ERP,2,0,stimuli/fractals/97c.jpg,-212.1320344,212.1320344,stimuli/fractals/97c.jpg,stimuli/fractals/97b.jpg,stimuli/fractals/97a.jpg,-212.1320344,212.1320344,0.0,300.0,-300.0,0.0,0.0,-300.0
180,4000,3,LLP,1,1,stimuli/fractals/74b.jpg,0.0,300.0,stimuli/fractals/74b.jpg,stimuli/fractals/74a.jpg,stimuli/fractals/74c.jpg,0.0,300.0,212.1320344,212.1320344,-212.1320344,212.1320344,-212.1320344,-212.1320344
181,7000,3,LLP,1,5,stimuli/fractals/123a.jpg,300.0,0.0,stimuli/fractals/123a.jpg,stimuli/fractals/123b.jpg,stimuli/fractals/123c.jpg,300.0,0.0,212.1320344,212.1320344,212.1320344,-212.1320344,-212.1320344,-212.1320344
182,3000,3,LLP,2,0,stimuli/fractals/74b.jpg,212.1320344,212.1320344,stimuli/fractals/74b.jpg,stimuli/fractals/74a.jpg,stimuli/fractals/74c.jpg,0.0,300.0,212.1320344,212.1320344,-212.1320344,212.1320344,-212.1320344,-212.1320344
183,6000,3,OLP,1,2,stimuli/fractals/91c.jpg,-212.1320344,212.1320344,stimuli/fractals/91c.jpg,stimuli/fractals/91a.jpg,stimuli/fractals/91b.jpg,-212.1320344,212.1320344,0.0,300.0,-300.0,0.0,0.0,-300.0
184,1000,3,LLP,2,0,stimuli/fractals/83a.jpg,212.1320344,-212.1320344,stimuli/fractals/83a.jpg,stimuli/fractals/83b.jpg,stimuli/fractals/83c.jpg,0.0,-300.0,212.1320344,-212.1320344,-212.1320344,-212.1320344,0.0,300.0
185,6000,3,LLP,1,2,stimuli/fractals/143a.jpg,300.0,0.0,stimuli/fractals/143a.jpg,stimuli/fractals/143b.jpg,stimuli/fractals/143c.jpg,300.0,0.0,212.1320344,212.1320344,212.1320344,-212.1320344,-212.1320344,-212.1320344
186,500,3,OLP,2,0,stimuli/fractals/91a.jpg,-212.1320344,212.1320344,stimuli/fractals/91c.jpg,stimuli/fractals/91a.jpg,stimuli/fractals/91b.jpg,-212.1320344,212.1320344,0.0,300.0,-300.0,0.0,0.0,-300.0
187,1000,3,LLP,2,0,stimuli/fractals/123a.jpg,212.1320344,212.1320344,stimuli/fractals/123a.jpg,stimuli/fractals/123b.jpg,stimuli/fractals/123c.jpg,300.0,0.0,212.1320344,212.1320344,212.1320344,-212.1320344,-212.1320344,-212.1320344
188,5000,3,LLP,2,0,stimuli/fractals/143a.jpg,212.1320344,212.1320344,stimuli/fractals/143a.jpg,stimuli/fractals/143b.jpg,stimuli/fractals/143c.jpg,300.0,0.0,212.1320344,212.1320344,212.1320344,-212.1320344,-212.1320344,-212.1320344
189,5000,3,BL,0,0,stimuli/fractals/13c.jpg,212.1320344,212.1320344,stimuli/fractals/13c.jpg,stimuli/fractals/13b.jpg,stimuli/fractals/13a.jpg,212.1320344,212.1320344,,,,,,
190,500,3,OLP,1,2,stimuli/fractals/138c.jpg,212.1320344,212.1320344,stimuli/fractals/138c.jpg,stimuli/fractals/138b.jpg,stimuli/fractals/138a.jpg,212.1320344,212.1320344,300.0,0.0,0.0,300.0,-300.0,0.0
191,1000,3,ERP,1,5,stimuli/fractals/49c.jpg,212.1320344,-212.1320344,stimuli/fractals/49c.jpg,stimuli/fractals/49b.jpg,stimuli/fractals/49a.jpg,212.1320344,-212.1320344,0.0,-300.0,300.0,0.0,-212.1320344,212.1320344
192,1000,3,LLP,1,5,stimuli/fractals/70c.jpg,-212.1320344,212.1320344,stimuli/fractals/70c.jpg,stimuli/fractals/70b.jpg,stimuli/fractals/70a.jpg,-212.1320344,212.1320344,0.0,300.0,-300.0,0.0,212.1320344,-212.1320344
193,1000,3,OLP,2,0,stimuli/fractals/138b.jpg,212.1320344,212.1320344,stimuli/fractals/138c.jpg,stimuli/fractals/138b.jpg,stimuli/fractals/138a.jpg,212.1320344,212.1320344,300.0,0.0,0.0,300.0,-300.0,0.0
194,2000,3,OLP,1,1,stimuli/fractals/111c.jpg,-212.1320344,212.1320344,stimuli/fractals/111c.jpg,stimuli/fractals/111b.jpg,stimuli/fractals/111a.jpg,-212.1320344,212.1320344,0.0,300.0,-300.0,0.0,212.1320344,-212.1320344
195,1000,3,OLP,1,4,stimuli/fractals/142a.jpg,300.0,0.0,stimuli/fractals/142a.jpg,stimuli/fractals/142b.jpg,stimuli/fractals/142c.jpg,300.0,0.0,212.1320344,212.1320344,212.1320344,-212.1320344,-300.0,0.0
196,4000,3,OLP,2,0,stimuli/fractals/111b.jpg,-212.1320344,212.1320344,stimuli/fractals/111c.jpg,stimuli/fractals/111b.jpg,stimuli/fractals/111a.jpg,-212.1320344,212.1320344,0.0,300.0,-300.0,0.0,212.1320344,-212.1320344
197,500,3,ERP,2,0,stimuli/fractals/49c.jpg,212.1320344,-212.1320344,stimuli/fractals/49c.jpg,stimuli/fractals/49b.jpg,stimuli/fractals/49a.jpg,212.1320344,-212.1320344,0.0,-300.0,300.0,0.0,-212.1320344,212.1320344
198,2000,3,LLP,2,0,stimuli/fractals/70c.jpg,0.0,300.0,stimuli/fractals/70c.jpg,stimuli/fractals/70b.jpg,stimuli/fractals/70a.jpg,-212.1320344,212.1320344,0.0,300.0,-300.0,0.0,212.1320344,-212.1320344
199,2000,3,OLP,1,2,stimuli/fractals/31c.jpg,-212.1320344,-212.1320344,stimuli/fractals/31c.jpg,stimuli/fractals/31b.jpg,stimuli/fractals/31a.jpg,-212.1320344,-212.1320344,0.0,-300.0,-300.0,0.0,212.1320344,212.1320344
200,1000,3,OLP,2,0,stimuli/fractals/142b.jpg,300.0,0.0,stimuli/fractals/142a.jpg,stimuli/fractals/142b.jpg,stimuli/fractals/142c.jpg,300.0,0.0,212.1320344,212.1320344,212.1320344,-212.1320344,-300.0,0.0
201,4000,3,ERP,1,3,stimuli/fractals/110b.jpg,212.1320344,212.1320344,stimuli/fractals/110b.jpg,stimuli/fractals/110c.jpg,stimuli/fractals/110a.jpg,212.1320344,212.1320344,300.0,0.0,0.0,300.0,-212.1320344,-212.1320344
202,2000,3,OLP,2,0,stimuli/fractals/31b.jpg,-212.1320344,-212.1320344,stimuli/fractals/31c.jpg,stimuli/fractals/31b.jpg,stimuli/fractals/31a.jpg,-212.1320344,-212.1320344,0.0,-300.0,-300.0,0.0,212.1320344,212.1320344
203,1000,3,ERP,1,3,stimuli/fractals/122a.jpg,-212.1320344,-212.1320344,stimuli/fractals/122a.jpg,stimuli/fractals/122b.jpg,stimuli/fractals/122c.jpg,-212.1320344,-212.1320344,-300.0,0.0,0.0,-300.0,212.1320344,212.1320344
204,2000,3,OLP,1,4,stimuli/fractals/65b.jpg,0.0,-300.0,stimuli/fractals/65b.jpg,stimuli/fractals/65a.jpg,stimuli/fractals/65c.jpg,0.0,-300.0,-212.1320344,-212.1320344,212.1320344,-212.1320344,0.0,300.0
205,2000,3,ERP,2,0,stimuli/fractals/110b.jpg,212.1320344,212.1320344,stimuli/fractals/110b.jpg,stimuli/fractals/110c.jpg,stimuli/fractals/110a.jpg,212.1320344,212.1320344,300.0,0.0,0.0,300.0,-212.1320344,-212.1320344
206,7000,3,LLP,1,1,stimuli/fractals/82b.jpg,212.1320344,-212.1320344,stimuli/fractals/82b.jpg,stimuli/fractals/82c.jpg,stimuli/fractals/82a.jpg,212.1320344,-212.1320344,300.0,0.0,0.0,-300.0,-212.1320344,212.1320344
207,6000,3,ERP,2,0,stimuli/fractals/122a.jpg,-212.1320344,-212.1320344,stimuli/fractals/122a.jpg,stimuli/fractals/122b.jpg,stimuli/fractals/122c.jpg,-212.1320344,-212.1320344,-300.0,0.0,0.0,-300.0,212.1320344,212.1320344
208,2000,3,LLP,2,0,stimuli/fractals/82b.jpg,300.0,0.0,stimuli/fractals/82b.jpg,stimuli/fractals/82c.jpg,stimuli/fractals/82a.jpg,212.1320344,-212.1320344,300.0,0.0,0.0,-300.0,-212.1320344,212.1320344
209,6000,3,OLP,2,0,stimuli/fractals/65a.jpg,0.0,-300.0,stimuli/fractals/65b.jpg,stimuli/fractals/65a.jpg,stimuli/fractals/65c.jpg,0.0,-300.0,-212.1320344,-212.1320344,212.1320344,-212.1320344,0.0,300.0
210,3000,3,BL,0,0,stimuli/fractals/13c.jpg,212.1320344,212.1320344,stimuli/fractals/13c.jpg,stimuli/fractals/13b.jpg,stimuli/fractals/13a.jpg,212.1320344,212.1320344,,,,,,
211,1000,3,ERP,1,2,stimuli/fractals/15b.jpg,-300.0,0.0,stimuli/fractals/15b.jpg,stimuli/fractals/15c.jpg,stimuli/fractals/15a.jpg,-300.0,0.0,-212.1320344,212.1320344,-212.1320344,-212.1320344,300.0,0.0
212,2000,3,OLP,1,2,stimuli/fractals/77b.jpg,300.0,0.0,stimuli/fractals/77b.jpg,stimuli/fractals/77c.jpg,stimuli/fractals/77a.jpg,300.0,0.0,212.1320344,212.1320344,212.1320344,-212.1320344,-212.1320344,-212.1320344
213,2000,3,OLP,1,3,stimuli/fractals/7a.jpg,-212.1320344,212.1320344,stimuli/fractals/7a.jpg,stimuli/fractals/7c.jpg,stimuli/fractals/7b.jpg,-212.1320344,212.1320344,0.0,300.0,-300.0,0.0,212.1320344,-212.1320344
214,1000,3,ERP,2,0,stimuli/fractals/15b.jpg,-300.0,0.0,stimuli/fractals/15b.jpg,stimuli/fractals/15c.jpg,stimuli/fractals/15a.jpg,-300.0,0.0,-212.1320344,212.1320344,-212.1320344,-212.1320344,300.0,0.0
215,1000,3,OLP,2,0,stimuli/fractals/77c.jpg,300.0,0.0,stimuli/fractals/77b.jpg,stimuli/fractals/77c.jpg,stimuli/fractals/77a.jpg,300.0,0.0,212.1320344,212.1320344,212.1320344,-212.1320344,-212.1320344,-212.1320344
216,5000,3,ERP,1,3,stimuli/fractals/61c.jpg,300.0,0.0,stimuli/fractals/61c.jpg,stimuli/fractals/61a.jpg,stimuli/fractals/61b.jpg,300.0,0.0,212.1320344,212.1320344,212.1320344,-212.1320344,-212.1320344,-212.1320344
217,500,3,OLP,2,0,stimuli/fractals/7c.jpg,-212.1320344,212.1320344,stimuli/fractals/7a.jpg,stimuli/fractals/7c.jpg,stimuli/fractals/7b.jpg,-212.1320344,212.1320344,0.0,300.0,-300.0,0.0,212.1320344,-212.1320344
218,1000,3,ERP,1,5,stimuli/fractals/8b.jpg,212.1320344,-212.1320344,stimuli/fractals/8b.jpg,stimuli/fractals/8a.jpg,stimuli/fractals/8c.jpg,212.1320344,-212.1320344,300.0,0.0,0.0,-300.0,-300.0,0.0
219,4000,3,OLP,1,1,stimuli/fractals/14a.jpg,-300.0,0.0,stimuli/fractals/14a.jpg,stimuli/fractals/14c.jpg,stimuli/fractals/14b.jpg,-300.0,0.0,-212.1320344,212.1320344,-212.1320344,-212.1320344,212.1320344,-212.1320344
220,1000,3,ERP,2,0,stimuli/fractals/61c.jpg,300.0,0.0,stimuli/fractals/61c.jpg,stimuli/fractals/61a.jpg,stimuli/fractals/61b.jpg,300.0,0.0,212.1320344,212.1320344,212.1320344,-212.1320344,-212.1320344,-212.1320344
221,3000,3,OLP,2,0,stimuli/fractals/14c.jpg,-300.0,0.0,stimuli/fractals/14a.jpg,stimuli/fractals/14c.jpg,stimuli/fractals/14b.jpg,-300.0,0.0,-212.1320344,212.1320344,-212.1320344,-212.1320344,212.1320344,-212.1320344
222,1000,3,OLP,1,4,stimuli/fractals/92a.jpg,0.0,300.0,stimuli/fractals/92a.jpg,stimuli/fractals/92c.jpg,stimuli/fractals/92b.jpg,0.0,300.0,212.1320344,212.1320344,-212.1320344,212.1320344,0.0,-300.0
223,2000,3,ERP,1,5,stimuli/fractals/105c.jpg,0.0,300.0,stimuli/fractals/105c.jpg,stimuli/fractals/105a.jpg,stimuli/fractals/105b.jpg,0.0,300.0,212.1320344,212.1320344,-212.1320344,212.1320344,-212.1320344,-212.1320344
224,3000,3,ERP,2,0,stimuli/fractals/8b.jpg,212.1320344,-212.1320344,stimuli/fractals/8b.jpg,stimuli/fractals/8a.jpg,stimuli/fractals/8c.jpg,212.1320344,-212.1320344,300.0,0.0,0.0,-300.0,-300.0,0.0
225,2000,3,OLP,1,4,stimuli/fractals/52a.jpg,-212.1320344,-212.1320344,stimuli/fractals/52a.jpg,stimuli/fractals/52c.jpg,stimuli/fractals/52b.jpg,-212.1320344,-212.1320344,0.0,-300.0,-300.0,0.0,0.0,300.0
226,2000,3,OLP,1,1,stimuli/fractals/100a.jpg,0.0,-300.0,stimuli/fractals/100a.jpg,stimuli/fractals/100b.jpg,stimuli/fractals/100c.jpg,0.0,-300.0,212.1320344,-212.1320344,-212.1320344,-212.1320344,-212.1320344,212.1320344
227,3000,3,OLP,2,0,stimuli/fractals/92c.jpg,0.0,300.0,stimuli/fractals/92a.jpg,stimuli/fractals/92c.jpg,stimuli/fractals/92b.jpg,0.0,300.0,212.1320344,212.1320344,-212.1320344,212.1320344,0.0,-300.0
228,4000,3,OLP,2,0,stimuli/fractals/100b.jpg,0.0,-300.0,stimuli/fractals/100a.jpg,stimuli/fractals/100b.jpg,stimuli/fractals/100c.jpg,0.0,-300.0,212.1320344,-212.1320344,-212.1320344,-212.1320344,-212.1320344,212.1320344
229,5000,3,ERP,2,0,stimuli/fractals/105c.jpg,0.0,300.0,stimuli/fractals/105c.jpg,stimuli/fractals/105a.jpg,stimuli/fractals/105b.jpg,0.0,300.0,212.1320344,212.1320344,-212.1320344,212.1320344,-212.1320344,-212.1320344
230,3000,3,OLP,2,0,stimuli/fractals/52c.jpg,-212.1320344,-212.1320344,stimuli/fractals/52a.jpg,stimuli/fractals/52c.jpg,stimuli/fractals/52b.jpg,-212.1320344,-212.1320344,0.0,-300.0,-300.0,0.0,0.0,300.0
231,500,3,BL,0,0,stimuli/fractals/13c.jpg,212.1320344,212.1320344,stimuli/fractals/13c.jpg,stimuli/fractals/13b.jpg,stimuli/fractals/13a.jpg,212.1320344,212.1320344,,,,,,
232,7000,3,ERP,1,4,stimuli/fractals/32a.jpg,-300.0,0.0,stimuli/fractals/32a.jpg,stimuli/fractals/32b.jpg,stimuli/fractals/32c.jpg,-300.0,0.0,-212.1320344,212.1320344,-212.1320344,-212.1320344,300.0,0.0
233,1000,3,OLP,1,4,stimuli/fractals/136b.jpg,300.0,0.0,stimuli/fractals/136b.jpg,stimuli/fractals/136c.jpg,stimuli/fractals/136a.jpg,300.0,0.0,212.1320344,212.1320344,212.1320344,-212.1320344,-212.1320344,-212.1320344
234,2000,3,ERP,1,5,stimuli/fractals/12a.jpg,0.0,300.0,stimuli/fractals/12a.jpg,stimuli/fractals/12c.jpg,stimuli/fractals/12b.jpg,0.0,300.0,212.1320344,212.1320344,-212.1320344,212.1320344,0.0,-300.0
235,1000,3,LLP,1,5,stimuli/fractals/51b.jpg,0.0,-300.0,stimuli/fractals/51b.jpg,stimuli/fractals/51a.jpg,stimuli/fractals/51c.jpg,0.0,-300.0,212.1320344,-212.1320344,-212.1320344,-212.1320344,0.0,300.0
236,2000,3,ERP,1,2,stimuli/fractals/141a.jpg,212.1320344,212.1320344,stimuli/fractals/141a.jpg,stimuli/fractals/141c.jpg,stimuli/fractals/141b.jpg,212.1320344,212.1320344,300.0,0.0,0.0,300.0,-212.1320344,-212.1320344
237,3000,3,ERP,2,0,stimuli/fractals/32a.jpg,-300.0,0.0,stimuli/fractals/32a.jpg,stimuli/fractals/32b.jpg,stimuli/fractals/32c.jpg,-300.0,0.0,-212.1320344,212.1320344,-212.1320344,-212.1320344,300.0,0.0
238,1000,3,OLP,2,0,stimuli/fractals/136c.jpg,300.0,0.0,stimuli/fractals/136b.jpg,stimuli/fractals/136c.jpg,stimuli/fractals/136a.jpg,300.0,0.0,212.1320344,212.1320344,212.1320344,-212.1320344,-212.1320344,-212.1320344
239,3000,3,ERP,2,0,stimuli/fractals/141a.jpg,212.1320344,212.1320344,stimuli/fractals/141a.jpg,stimuli/fractals/141c.jpg,stimuli/fractals/141b.jpg,212.1320344,212.1320344,300.0,0.0,0.0,300.0,-212.1320344,-212.1320344
240,1000,3,ERP,2,0,stimuli/fractals/12a.jpg,0.0,300.0,stimuli/fractals/12a.jpg,stimuli/fractals/12c.jpg,stimuli/fractals/12b.jpg,0.0,300.0,212.1320344,212.1320344,-212.1320344,212.1320344,0.0,-300.0
241,2000,3,LLP,2,0,stimuli/fractals/51b.jpg,212.1320344,-212.1320344,stimuli/fractals/51b.jpg,stimuli/fractals/51a.jpg,stimuli/fractals/51c.jpg,0.0,-300.0,212.1320344,-212.1320344,-212.1320344,-212.1320344,0.0,300.0
242,1000,3,LLP,1,3,stimuli/fractals/128a.jpg,-212.1320344,-212.1320344,stimuli/fractals/128a.jpg,stimuli/fractals/128b.jpg,stimuli/fractals/128c.jpg,-212.1320344,-212.1320344,0.0,-300.0,-300.0,0.0,212.1320344,212.1320344
243,2000,3,ERP,1,1,stimuli/fractals/98c.jpg,300.0,0.0,stimuli/fractals/98c.jpg,stimuli/fractals/98b.jpg,stimuli/fractals/98a.jpg,300.0,0.0,212.1320344,212.1320344,212.1320344,-212.1320344,-212.1320344,-212.1320344
244,7000,3,LLP,1,3,stimuli/fractals/43c.jpg,-300.0,0.0,stimuli/fractals/43c.jpg,stimuli/fractals/43a.jpg,stimuli/fractals/43b.jpg,-300.0,0.0,-212.1320344,-212.1320344,-212.1320344,212.1320344,212.1320344,212.1320344
245,2000,3,ERP,2,0,stimuli/fractals/98c.jpg,300.0,0.0,stimuli/fractals/98c.jpg,stimuli/fractals/98b.jpg,stimuli/fractals/98a.jpg,300.0,0.0,212.1320344,212.1320344,212.1320344,-212.1320344,-212.1320344,-212.1320344
246,1000,3,LLP,2,0,stimuli/fractals/128a.jpg,0.0,-300.0,stimuli/fractals/128a.jpg,stimuli/fractals/128b.jpg,stimuli/fractals/128c.jpg,-212.1320344,-212.1320344,0.0,-300.0,-300.0,0.0,212.1320344,212.1320344
247,8000,3,ERP,1,2,stimuli/fractals/19c.jpg,-300.0,0.0,stimuli/fractals/19c.jpg,stimuli/fractals/19a.jpg,stimuli/fractals/19b.jpg,-300.0,0.0,-212.1320344,212.1320344,-212.1320344,-212.1320344,212.1320344,-212.1320344
248,3000,3,LLP,2,0,stimuli/fractals/43c.jpg,-212.1320344,-212.1320344,stimuli/fractals/43c.jpg,stimuli/fractals/43a.jpg,stimuli/fractals/43b.jpg,-300.0,0.0,-212.1320344,-212.1320344,-212.1320344,212.1320344,212.1320344,212.1320344
249,1000,3,LLP,1,1,stimuli/fractals/40b.jpg,-212.1320344,212.1320344,stimuli/fractals/40b.jpg,stimuli/fractals/40c.jpg,stimuli/fractals/40a.jpg,-212.1320344,212.1320344,0.0,300.0,-300.0,0.0,212.1320344,-212.1320344
250,1000,3,ERP,2,0,stimuli/fractals/19c.jpg,-300.0,0.0,stimuli/fractals/19c.jpg,stimuli/fractals/19a.jpg,stimuli/fractals/19b.jpg,-300.0,0.0,-212.1320344,212.1320344,-212.1320344,-212.1320344,212.1320344,-212.1320344
251,1000,3,LLP,2,0,stimuli/fractals/40b.jpg,0.0,300.0,stimuli/fractals/40b.jpg,stimuli/fractals/40c.jpg,stimuli/fractals/40a.jpg,-212.1320344,212.1320344,0.0,300.0,-300.0,0.0,212.1320344,-212.1320344
252,2000,3,BL,0,0,stimuli/fractals/13c.jpg,212.1320344,212.1320344,stimuli/fractals/13c.jpg,stimuli/fractals/13b.jpg,stimuli/fractals/13a.jpg,212.1320344,212.1320344,,,,,,
